x,t,S_0,V_0,E_0,I_0,R_0,S,V,E,I,R
-3,0,0.008715436,0.001013423,0,4.94E-06,0,0.008715436,0.001013423,0,4.94E-06,0
-2.9,0,0.011776618,0.001369374,0,8.91E-06,0,0.011776618,0.001369374,0,8.91E-06,0
-2.8,0,0.015751449,0.001831564,0,1.57E-05,0,0.015751449,0.001831564,0,1.57E-05,0
-2.7,0,0.020853976,0.002424881,0,2.73E-05,0,0.020853976,0.002424881,0,2.73E-05,0
-2.6,0,0.02732912,0.003177805,0,4.64E-05,0,0.02732912,0.003177805,0,4.64E-05,0
-2.5,0,0.035451192,0.004122232,0,7.72E-05,0,0.035451192,0.004122232,0,7.72E-05,0
-2.4,0,0.045520232,0.00529305,0,0.000126044,0,0.045520232,0.00529305,0,0.000126044,0
-2.3,0,0.057855747,0.006727412,0,0.00020167,0,0.057855747,0.006727412,0,0.00020167,0
-2.2,0,0.072787529,0.008463666,0,0.000316282,0,0.072787529,0.008463666,0,0.000316282,0
-2.1,0,0.090643333,0.010539922,0,0.000486207,0,0.090643333,0.010539922,0,0.000486207,0
-2,0,0.111733443,0.012992261,0,0.000732626,0,0.111733443,0.012992261,0,0.000732626,0
-1.9,0,0.13633235,0.015852599,0,0.001082074,0,0.13633235,0.015852599,0,0.001082074,0
-1.8,0,0.164658094,0.01914629,0,0.001566556,0,0.164658094,0.01914629,0,0.001566556,0
-1.7,0,0.196850113,0.022889548,0,0.002223049,0,0.196850113,0.022889548,0,0.002223049,0
-1.6,0,0.232946762,0.027086833,0,0.00309219,0,0.232946762,0.027086833,0,0.00309219,0
-1.5,0,0.272863919,0.031728363,0,0.004215969,0,0.272863919,0.031728363,0,0.004215969,0
-1.4,0,0.316376319,0.036787944,0,0.005634337,0,0.316376319,0.036787944,0,0.005634337,0
-1.3,0,0.363103345,0.042221319,0,0.007380781,0,0.363103345,0.042221319,0,0.007380781,0
-1.2,0,0.412500951,0.047965227,0,0.00947711,0,0.412500951,0.047965227,0,0.00947711,0
-1.1,0,0.463861238,0.053937353,0,0.011927891,0,0.463861238,0.053937353,0,0.011927891,0
-1,0,0.516320815,0.060037304,0,0.014715178,0,0.516320815,0.060037304,0,0.014715178,0
-0.9,0,0.568878616,0.066148676,0,0.017794323,0,0.568878616,0.066148676,0,0.017794323,0
-0.8,0,0.62042317,0.072142229,0,0.021091697,0,0.62042317,0.072142229,0,0.021091697,0
-0.7,0,0.669768673,0.077880078,0,0.024505056,0,0.669768673,0.077880078,0,0.024505056,0
-0.6,0,0.715698451,0.08322075,0,0.027907053,0,0.715698451,0.08322075,0,0.027907053,0
-0.5,0,0.757013713,0.08802485,0,0.031152031,0,0.757013713,0.08802485,0,0.031152031,0
-0.4,0,0.792584985,0.092161045,0,0.034085752,0,0.792584985,0.092161045,0,0.034085752,0
-0.3,0,0.821403138,0.095511993,0,0.036557247,0,0.821403138,0.095511993,0,0.036557247,0
-0.2,0,0.84262686,0.097979867,0,0.038431578,0,0.84262686,0.097979867,0,0.038431578,0
-0.1,0,0.855623419,0.099491095,0,0.039601993,0,0.855623419,0.099491095,0,0.039601993,0
0,0,0.86,0.1,0,0.04,0,0.86,0.1,0,0.04,0
0.1,0,0.855623419,0.099491095,0,0.039601993,0,0.855623419,0.099491095,0,0.039601993,0
0.2,0,0.84262686,0.097979867,0,0.038431578,0,0.84262686,0.097979867,0,0.038431578,0
0.3,0,0.821403138,0.095511993,0,0.036557247,0,0.821403138,0.095511993,0,0.036557247,0
0.4,0,0.792584985,0.092161045,0,0.034085752,0,0.792584985,0.092161045,0,0.034085752,0
0.5,0,0.757013713,0.08802485,0,0.031152031,0,0.757013713,0.08802485,0,0.031152031,0
0.6,0,0.715698451,0.08322075,0,0.027907053,0,0.715698451,0.08322075,0,0.027907053,0
0.7,0,0.669768673,0.077880078,0,0.024505056,0,0.669768673,0.077880078,0,0.024505056,0
0.8,0,0.62042317,0.072142229,0,0.021091697,0,0.62042317,0.072142229,0,0.021091697,0
0.9,0,0.568878616,0.066148676,0,0.017794323,0,0.568878616,0.066148676,0,0.017794323,0
1,0,0.516320815,0.060037304,0,0.014715178,0,0.516320815,0.060037304,0,0.014715178,0
1.1,0,0.463861238,0.053937353,0,0.011927891,0,0.463861238,0.053937353,0,0.011927891,0
1.2,0,0.412500951,0.047965227,0,0.00947711,0,0.412500951,0.047965227,0,0.00947711,0
1.3,0,0.363103345,0.042221319,0,0.007380781,0,0.363103345,0.042221319,0,0.007380781,0
1.4,0,0.316376319,0.036787944,0,0.005634337,0,0.316376319,0.036787944,0,0.005634337,0
1.5,0,0.272863919,0.031728363,0,0.004215969,0,0.272863919,0.031728363,0,0.004215969,0
1.6,0,0.232946762,0.027086833,0,0.00309219,0,0.232946762,0.027086833,0,0.00309219,0
1.7,0,0.196850113,0.022889548,0,0.002223049,0,0.196850113,0.022889548,0,0.002223049,0
1.8,0,0.164658094,0.01914629,0,0.001566556,0,0.164658094,0.01914629,0,0.001566556,0
1.9,0,0.13633235,0.015852599,0,0.001082074,0,0.13633235,0.015852599,0,0.001082074,0
2,0,0.111733443,0.012992261,0,0.000732626,0,0.111733443,0.012992261,0,0.000732626,0
2.1,0,0.090643333,0.010539922,0,0.000486207,0,0.090643333,0.010539922,0,0.000486207,0
2.2,0,0.072787529,0.008463666,0,0.000316282,0,0.072787529,0.008463666,0,0.000316282,0
2.3,0,0.057855747,0.006727412,0,0.00020167,0,0.057855747,0.006727412,0,0.00020167,0
2.4,0,0.045520232,0.00529305,0,0.000126044,0,0.045520232,0.00529305,0,0.000126044,0
2.5,0,0.035451192,0.004122232,0,7.72E-05,0,0.035451192,0.004122232,0,7.72E-05,0
2.6,0,0.02732912,0.003177805,0,4.64E-05,0,0.02732912,0.003177805,0,4.64E-05,0
2.7,0,0.020853976,0.002424881,0,2.73E-05,0,0.020853976,0.002424881,0,2.73E-05,0
2.8,0,0.015751449,0.001831564,0,1.57E-05,0,0.015751449,0.001831564,0,1.57E-05,0
2.9,0,0.011776618,0.001369374,0,8.91E-06,0,0.011776618,0.001369374,0,8.91E-06,0
3,0,0.008715436,0.001013423,0,4.94E-06,0,0.008715436,0.001013423,0,4.94E-06,0
-3,6,0.008715436,0.001013423,0,4.94E-06,0,0.00645603,0.001013342,1.09E-07,2.89E-06,4.90E-06
-2.9,6,0.011776618,0.001369374,0,8.91E-06,0,0.008723579,0.001369258,2.10E-07,3.74E-06,6.94E-06
-2.8,6,0.015751449,0.001831564,0,1.57E-05,0,0.011667797,0.001831387,4.89E-07,6.33E-06,1.20E-05
-2.7,6,0.020853976,0.002424881,0,2.73E-05,0,0.015447105,0.002424596,1.13E-06,1.12E-05,2.09E-05
-2.6,6,0.02732912,0.003177805,0,4.64E-05,0,0.020242631,0.003177319,2.53E-06,1.95E-05,3.57E-05
-2.5,6,0.035451192,0.004122232,0,7.72E-05,0,0.026256951,0.004121364,5.52E-06,3.38E-05,5.99E-05
-2.4,6,0.045520232,0.00529305,0,0.000126044,0,0.03371109,0.005291442,1.17E-05,5.81E-05,9.89E-05
-2.3,6,0.057855747,0.006727412,0,0.00020167,0,0.042839354,0.006724366,2.43E-05,9.89E-05,0.000160586
-2.2,6,0.072787529,0.008463666,0,0.000316282,0,0.05388159,0.008457853,4.91E-05,0.000166865,0.000256763
-2.1,6,0.090643333,0.010539922,0,0.000486207,0,0.06707248,0.010528865,9.67E-05,0.000279224,0.000404283
-2,6,0.111733443,0.012992261,0,0.000732626,0,0.082627506,0.012971451,0.000185928,0.000463142,0.000627103
-1.9,6,0.13633235,0.015852599,0,0.001082074,0,0.100725259,0.015814028,0.000348859,0.000760895,0.000958588
-1.8,6,0.164658094,0.01914629,0,0.001566556,0,0.121485902,0.019076103,0.000638943,0.001236864,0.001444287
-1.7,6,0.196850113,0.022889548,0,0.002223049,0,0.144945803,0.022764426,0.0011422,0.001986664,0.002145008
-1.6,6,0.232946762,0.027086833,0,0.00309219,0,0.171028832,0.026868667,0.001992284,0.003148161,0.003139843
-1.5,6,0.272863919,0.031728363,0,0.004215969,0,0.199515789,0.031356834,0.003388705,0.004913261,0.004528463
-1.4,6,0.316376319,0.036787944,0,0.005634337,0,0.230015065,0.036170883,0.005615798,0.007538004,0.006431632
-1.3,6,0.363103345,0.042221319,0,0.007380781,0,0.261940164,0.04122332,0.009056977,0.011346619,0.008988408
-1.2,6,0.412500951,0.047965227,0,0.00947711,0,0.294502828,0.046396058,0.014195044,0.016723222,0.012348152
-1.1,6,0.463861238,0.053937353,0,0.011927891,0,0.326733152,0.051543126,0.021585963,0.02408362,0.016655489
-1,6,0.516320815,0.060037304,0,0.014715178,0,0.357538063,0.056498912,0.031793324,0.033820673,0.022027091
-0.9,6,0.568878616,0.066148676,0,0.017794323,0,0.385804057,0.061092817,0.04527704,0.046221413,0.028520878
-0.8,6,0.62042317,0.072142229,0,0.021091697,0,0.410537356,0.065169488,0.062244769,0.061363334,0.036101003
-0.7,6,0.669768673,0.077880078,0,0.024505056,0,0.431016771,0.068611254,0.082495723,0.079009289,0.044605266
-0.6,6,0.715698451,0.08322075,0,0.027907053,0,0.446919191,0.071357115,0.105304638,0.098530665,0.053724137
-0.5,6,0.757013713,0.08802485,0,0.031152031,0,0.45837534,0.073412114,0.129396234,0.118890586,0.063000911
-0.4,6,0.792584985,0.092161045,0,0.034085752,0,0.465930192,0.074843083,0.153039977,0.138708782,0.07185951
-0.3,6,0.821403138,0.095511993,0,0.036557247,0,0.470412978,0.075760948,0.174257631,0.156408955,0.079660404
-0.2,6,0.84262686,0.097979867,0,0.038431578,0,0.472750719,0.076294105,0.191099964,0.170425796,0.085777678
-0.1,6,0.855623419,0.099491095,0,0.039601993,0,0.473772478,0.076559597,0.201931585,0.179431639,0.089684017
0,6,0.86,0.1,0,0.04,0,0.474045991,0.076638469,0.205668441,0.182537738,0.091027356
0.1,6,0.855623419,0.099491095,0,0.039601993,0,0.473772478,0.076559597,0.201931585,0.179431639,0.089684017
0.2,6,0.84262686,0.097979867,0,0.038431578,0,0.472750719,0.076294105,0.191099964,0.170425796,0.085777678
0.3,6,0.821403138,0.095511993,0,0.036557247,0,0.470412978,0.075760948,0.174257631,0.156408955,0.079660404
0.4,6,0.792584985,0.092161045,0,0.034085752,0,0.465930192,0.074843083,0.153039977,0.138708782,0.07185951
0.5,6,0.757013713,0.08802485,0,0.031152031,0,0.45837534,0.073412114,0.129396234,0.118890586,0.063000911
0.6,6,0.715698451,0.08322075,0,0.027907053,0,0.446919191,0.071357115,0.105304638,0.098530665,0.053724137
0.7,6,0.669768673,0.077880078,0,0.024505056,0,0.431016771,0.068611254,0.082495723,0.079009289,0.044605266
0.8,6,0.62042317,0.072142229,0,0.021091697,0,0.410537356,0.065169488,0.062244769,0.061363334,0.036101003
0.9,6,0.568878616,0.066148676,0,0.017794323,0,0.385804057,0.061092817,0.04527704,0.046221413,0.028520878
1,6,0.516320815,0.060037304,0,0.014715178,0,0.357538063,0.056498912,0.031793324,0.033820673,0.022027091
1.1,6,0.463861238,0.053937353,0,0.011927891,0,0.326733152,0.051543126,0.021585963,0.02408362,0.016655489
1.2,6,0.412500951,0.047965227,0,0.00947711,0,0.294502828,0.046396058,0.014195044,0.016723222,0.012348152
1.3,6,0.363103345,0.042221319,0,0.007380781,0,0.261940164,0.04122332,0.009056977,0.011346619,0.008988408
1.4,6,0.316376319,0.036787944,0,0.005634337,0,0.230015065,0.036170883,0.005615798,0.007538004,0.006431632
1.5,6,0.272863919,0.031728363,0,0.004215969,0,0.199515789,0.031356834,0.003388705,0.004913261,0.004528463
1.6,6,0.232946762,0.027086833,0,0.00309219,0,0.171028832,0.026868667,0.001992284,0.003148161,0.003139843
1.7,6,0.196850113,0.022889548,0,0.002223049,0,0.144945803,0.022764426,0.0011422,0.001986664,0.002145008
1.8,6,0.164658094,0.01914629,0,0.001566556,0,0.121485902,0.019076103,0.000638943,0.001236864,0.001444287
1.9,6,0.13633235,0.015852599,0,0.001082074,0,0.100725259,0.015814028,0.000348859,0.000760895,0.000958588
2,6,0.111733443,0.012992261,0,0.000732626,0,0.082627506,0.012971451,0.000185928,0.000463142,0.000627103
2.1,6,0.090643333,0.010539922,0,0.000486207,0,0.06707248,0.010528865,9.67E-05,0.000279224,0.000404283
2.2,6,0.072787529,0.008463666,0,0.000316282,0,0.05388159,0.008457853,4.91E-05,0.000166865,0.000256763
2.3,6,0.057855747,0.006727412,0,0.00020167,0,0.042839354,0.006724366,2.43E-05,9.89E-05,0.000160586
2.4,6,0.045520232,0.00529305,0,0.000126044,0,0.03371109,0.005291442,1.17E-05,5.81E-05,9.89E-05
2.5,6,0.035451192,0.004122232,0,7.72E-05,0,0.026256951,0.004121364,5.52E-06,3.38E-05,5.99E-05
2.6,6,0.02732912,0.003177805,0,4.64E-05,0,0.020242631,0.003177319,2.53E-06,1.95E-05,3.57E-05
2.7,6,0.020853976,0.002424881,0,2.73E-05,0,0.015447105,0.002424596,1.13E-06,1.12E-05,2.09E-05
2.8,6,0.015751449,0.001831564,0,1.57E-05,0,0.011667797,0.001831387,4.89E-07,6.33E-06,1.20E-05
2.9,6,0.011776618,0.001369374,0,8.91E-06,0,0.008723579,0.001369258,2.10E-07,3.74E-06,6.94E-06
3,6,0.008715436,0.001013423,0,4.94E-06,0,0.00645603,0.001013342,1.09E-07,2.89E-06,4.90E-06
-3,12,0.008715436,0.001013423,0,4.94E-06,0,0.004782386,0.001013266,1.52E-07,1.53E-06,7.31E-06
-2.9,12,0.011776618,0.001369374,0,8.91E-06,0,0.006462089,0.001369154,2.87E-07,2.02E-06,1.01E-05
-2.8,12,0.015751449,0.001831564,0,1.57E-05,0,0.008642997,0.001831237,6.65E-07,3.59E-06,1.74E-05
-2.7,12,0.020853976,0.002424881,0,2.73E-05,0,0.011442401,0.00242437,1.56E-06,6.91E-06,3.07E-05
-2.6,12,0.02732912,0.003177805,0,4.64E-05,0,0.014994325,0.003176957,3.56E-06,1.35E-05,5.37E-05
-2.5,12,0.035451192,0.004122232,0,7.72E-05,0,0.019448478,0.004120736,8.00E-06,2.62E-05,9.29E-05
-2.4,12,0.045520232,0.00529305,0,0.000126044,0,0.024967777,0.005290259,1.76E-05,5.11E-05,0.000159364
-2.3,12,0.057855747,0.006727412,0,0.00020167,0,0.031723949,0.006721989,3.79E-05,9.91E-05,0.000270947
-2.2,12,0.072787529,0.008463666,0,0.000316282,0,0.039890583,0.008452859,8.04E-05,0.000190971,0.000457241
-2.1,12,0.090643333,0.010539922,0,0.000486207,0,0.049632645,0.010518138,0.000167451,0.000365415,0.000766519
-2,12,0.111733443,0.012992261,0,0.000732626,0,0.061090897,0.012948271,0.000343054,0.000692829,0.001277129
-1.9,12,0.13633235,0.015852599,0,0.001082074,0,0.074358666,0.015764236,0.000691213,0.001299505,0.002115111
-1.8,12,0.164658094,0.01914629,0,0.001566556,0,0.089446906,0.018970627,0.00136903,0.002407217,0.003480771
-1.7,12,0.196850113,0.022889548,0,0.002223049,0,0.106231801,0.022545364,0.002662286,0.004395713,0.005687219
-1.6,12,0.232946762,0.027086833,0,0.00309219,0,0.124378328,0.026424728,0.005073127,0.007895287,0.00921311
-1.5,12,0.272863919,0.031728363,0,0.004215969,0,0.143236572,0.030483003,0.009445022,0.01391133,0.014768579
-1.4,12,0.316376319,0.036787944,0,0.005634337,0,0.161721837,0.034508559,0.017111692,0.023966377,0.023365598
-1.3,12,0.363103345,0.042221319,0,0.007380781,0,0.178223603,0.038184436,0.030012658,0.040210685,0.036369473
-1.2,12,0.412500951,0.047965227,0,0.00947711,0,0.190643418,0.041091958,0.050646479,0.065400436,0.055487695
-1.1,12,0.463861238,0.053937353,0,0.011927891,0,0.196705052,0.042764909,0.081674729,0.102599338,0.082634294
-1,12,0.516320815,0.060037304,0,0.014715178,0,0.194620303,0.042813053,0.125060288,0.15449251,0.11961362
-0.9,12,0.568878616,0.066148676,0,0.017794323,0,0.183939972,0.041088997,0.180941207,0.22238624,0.167623935
-0.8,12,0.62042317,0.072142229,0,0.021091697,0,0.166084293,0.037807653,0.24687558,0.305263922,0.226689681
-0.7,12,0.669768673,0.077880078,0,0.024505056,0,0.144042705,0.033515817,0.318132145,0.399426038,0.295231519
-0.6,12,0.715698451,0.08322075,0,0.027907053,0,0.121301087,0.028904541,0.389016662,0.498996488,0.36997822
-0.5,12,0.757013713,0.08802485,0,0.031152031,0,0.100688589,0.024581414,0.454407206,0.597054313,0.446284926
-0.4,12,0.792584985,0.092161045,0,0.034085752,0,0.083811004,0.020935783,0.510636805,0.686827374,0.518745404
-0.3,12,0.821403138,0.095511993,0,0.036557247,0,0.07116185,0.018133916,0.555539043,0.762513409,0.581899916
-0.2,12,0.84262686,0.097979867,0,0.038431578,0,0.0625696,0.016192138,0.588029228,0.819640469,0.630873307
-0.1,12,0.855623419,0.099491095,0,0.039601993,0,0.057637995,0.015061916,0.607637459,0.855113735,0.661863204
0,12,0.86,0.1,0,0.04,0,0.056035484,0.014691996,0.614187921,0.867134323,0.672466667
0.1,12,0.855623419,0.099491095,0,0.039601993,0,0.057637995,0.015061916,0.607637459,0.855113735,0.661863204
0.2,12,0.84262686,0.097979867,0,0.038431578,0,0.0625696,0.016192138,0.588029228,0.819640469,0.630873307
0.3,12,0.821403138,0.095511993,0,0.036557247,0,0.07116185,0.018133916,0.555539043,0.762513409,0.581899916
0.4,12,0.792584985,0.092161045,0,0.034085752,0,0.083811004,0.020935783,0.510636805,0.686827374,0.518745404
0.5,12,0.757013713,0.08802485,0,0.031152031,0,0.100688589,0.024581414,0.454407206,0.597054313,0.446284926
0.6,12,0.715698451,0.08322075,0,0.027907053,0,0.121301087,0.028904541,0.389016662,0.498996488,0.36997822
0.7,12,0.669768673,0.077880078,0,0.024505056,0,0.144042705,0.033515817,0.318132145,0.399426038,0.295231519
0.8,12,0.62042317,0.072142229,0,0.021091697,0,0.166084293,0.037807653,0.24687558,0.305263922,0.226689681
0.9,12,0.568878616,0.066148676,0,0.017794323,0,0.183939972,0.041088997,0.180941207,0.22238624,0.167623935
1,12,0.516320815,0.060037304,0,0.014715178,0,0.194620303,0.042813053,0.125060288,0.15449251,0.11961362
1.1,12,0.463861238,0.053937353,0,0.011927891,0,0.196705052,0.042764909,0.081674729,0.102599338,0.082634294
1.2,12,0.412500951,0.047965227,0,0.00947711,0,0.190643418,0.041091958,0.050646479,0.065400436,0.055487695
1.3,12,0.363103345,0.042221319,0,0.007380781,0,0.178223603,0.038184436,0.030012658,0.040210685,0.036369473
1.4,12,0.316376319,0.036787944,0,0.005634337,0,0.161721837,0.034508559,0.017111692,0.023966377,0.023365598
1.5,12,0.272863919,0.031728363,0,0.004215969,0,0.143236572,0.030483003,0.009445022,0.01391133,0.014768579
1.6,12,0.232946762,0.027086833,0,0.00309219,0,0.124378328,0.026424728,0.005073127,0.007895287,0.00921311
1.7,12,0.196850113,0.022889548,0,0.002223049,0,0.106231801,0.022545364,0.002662286,0.004395713,0.005687219
1.8,12,0.164658094,0.01914629,0,0.001566556,0,0.089446906,0.018970627,0.00136903,0.002407217,0.003480771
1.9,12,0.13633235,0.015852599,0,0.001082074,0,0.074358666,0.015764236,0.000691213,0.001299505,0.002115111
2,12,0.111733443,0.012992261,0,0.000732626,0,0.061090897,0.012948271,0.000343054,0.000692829,0.001277129
2.1,12,0.090643333,0.010539922,0,0.000486207,0,0.049632645,0.010518138,0.000167451,0.000365415,0.000766519
2.2,12,0.072787529,0.008463666,0,0.000316282,0,0.039890583,0.008452859,8.04E-05,0.000190971,0.000457241
2.3,12,0.057855747,0.006727412,0,0.00020167,0,0.031723949,0.006721989,3.79E-05,9.91E-05,0.000270947
2.4,12,0.045520232,0.00529305,0,0.000126044,0,0.024967777,0.005290259,1.76E-05,5.11E-05,0.000159364
2.5,12,0.035451192,0.004122232,0,7.72E-05,0,0.019448478,0.004120736,8.00E-06,2.62E-05,9.29E-05
2.6,12,0.02732912,0.003177805,0,4.64E-05,0,0.014994325,0.003176957,3.56E-06,1.35E-05,5.37E-05
2.7,12,0.020853976,0.002424881,0,2.73E-05,0,0.011442401,0.00242437,1.56E-06,6.91E-06,3.07E-05
2.8,12,0.015751449,0.001831564,0,1.57E-05,0,0.008642997,0.001831237,6.65E-07,3.59E-06,1.74E-05
2.9,12,0.011776618,0.001369374,0,8.91E-06,0,0.006462089,0.001369154,2.87E-07,2.02E-06,1.01E-05
3,12,0.008715436,0.001013423,0,4.94E-06,0,0.004782386,0.001013266,1.52E-07,1.53E-06,7.31E-06
-3,18,0.008715436,0.001013423,0,4.94E-06,0,0.003542622,0.001013194,1.73E-07,1.07E-06,8.69E-06
-2.9,18,0.011776618,0.001369374,0,8.91E-06,0,0.00478688,0.001369054,3.24E-07,1.51E-06,1.19E-05
-2.8,18,0.015751449,0.001831564,0,1.57E-05,0,0.006402385,0.001831095,7.60E-07,2.95E-06,2.09E-05
-2.7,18,0.020853976,0.002424881,0,2.73E-05,0,0.00847598,0.002424158,1.81E-06,6.27E-06,3.78E-05
-2.6,18,0.02732912,0.003177805,0,4.64E-05,0,0.011106823,0.003176615,4.26E-06,1.35E-05,6.85E-05
-2.5,18,0.035451192,0.004122232,0,7.72E-05,0,0.014405498,0.004120118,9.85E-06,2.88E-05,0.000123707
-2.4,18,0.045520232,0.00529305,0,0.000126044,0,0.018491869,0.005289009,2.25E-05,6.14E-05,0.000222816
-2.3,18,0.057855747,0.006727412,0,0.00020167,0,0.02349109,0.006719216,5.06E-05,0.00012973,0.000400978
-2.2,18,0.072787529,0.008463666,0,0.000316282,0,0.029526663,0.008446363,0.000112874,0.00027199,0.000721656
-2.1,18,0.090643333,0.010539922,0,0.000486207,0,0.036708515,0.010502552,0.00024893,0.000565472,0.001299479
-2,18,0.111733443,0.012992261,0,0.000732626,0,0.045112024,0.012910782,0.00054332,0.001164947,0.0023409
-1.9,18,0.13633235,0.015852599,0,0.001082074,0,0.05474025,0.015674985,0.00117271,0.002375489,0.004215308
-1.8,18,0.164658094,0.01914629,0,0.001566556,0,0.065455622,0.018762112,0.002498255,0.004785822,0.007576033
-1.7,18,0.196850113,0.022889548,0,0.002223049,0,0.076860319,0.022070729,0.00523422,0.009498476,0.013557269
-1.6,18,0.232946762,0.027086833,0,0.00309219,0,0.08810598,0.025380589,0.010723531,0.018489333,0.024071956
-1.5,18,0.272863919,0.031728363,0,0.004215969,0,0.097653188,0.028286786,0.021297002,0.035072318,0.042207336
-1.4,18,0.316376319,0.036787944,0,0.005634337,0,0.103138722,0.030155827,0.040503063,0.064265357,0.07262346
-1.3,18,0.363103345,0.042221319,0,0.007380781,0,0.101761141,0.030206345,0.07263659,0.11252513,0.121675912
-1.2,18,0.412500951,0.047965227,0,0.00947711,0,0.091657697,0.027846208,0.1208637,0.186116466,0.196782457
-1.1,18,0.463861238,0.053937353,0,0.011927891,0,0.073852699,0.023197448,0.184380559,0.288071653,0.304647236
-1,18,0.516320815,0.060037304,0,0.014715178,0,0.052732992,0.017315614,0.257305031,0.415524568,0.4487025
-0.9,18,0.568878616,0.066148676,0,0.017794323,0,0.033609858,0.011657197,0.331526486,0.560020303,0.627117197
-0.8,18,0.62042317,0.072142229,0,0.021091697,0,0.019576334,0.007229371,0.400998733,0.710863186,0.832649307
-0.7,18,0.669768673,0.077880078,0,0.024505056,0,0.010783501,0.004259432,0.463242823,0.858569865,1.054224652
-0.6,18,0.715698451,0.08322075,0,0.027907053,0,0.005838478,0.002468414,0.517965219,0.996229427,1.279044628
-0.5,18,0.757013713,0.08802485,0,0.031152031,0,0.003227853,0.001456138,0.565339909,1.119134411,1.494261444
-0.4,18,0.792584985,0.092161045,0,0.034085752,0,0.00188705,0.000902337,0.605240552,1.22395579,1.688012596
-0.3,18,0.821403138,0.095511993,0,0.036557247,0,0.001202364,0.00060358,0.637199857,1.308164583,1.850011546
-0.2,18,0.84262686,0.097979867,0,0.038431578,0,0.00085569,0.000445539,0.660608577,1.369787409,1.971912595
-0.1,18,0.855623419,0.099491095,0,0.039601993,0,0.000692583,0.000368881,0.6749084,1.407365828,2.047567003
0,18,0.86,0.1,0,0.04,0,0.000644638,0.000345993,0.679719528,1.419994538,2.073208075
0.1,18,0.855623419,0.099491095,0,0.039601993,0,0.000692583,0.000368881,0.6749084,1.407365828,2.047567003
0.2,18,0.84262686,0.097979867,0,0.038431578,0,0.00085569,0.000445539,0.660608577,1.369787409,1.971912595
0.3,18,0.821403138,0.095511993,0,0.036557247,0,0.001202364,0.00060358,0.637199857,1.308164583,1.850011546
0.4,18,0.792584985,0.092161045,0,0.034085752,0,0.00188705,0.000902337,0.605240552,1.22395579,1.688012596
0.5,18,0.757013713,0.08802485,0,0.031152031,0,0.003227853,0.001456138,0.565339909,1.119134411,1.494261444
0.6,18,0.715698451,0.08322075,0,0.027907053,0,0.005838478,0.002468414,0.517965219,0.996229427,1.279044628
0.7,18,0.669768673,0.077880078,0,0.024505056,0,0.010783501,0.004259432,0.463242823,0.858569865,1.054224652
0.8,18,0.62042317,0.072142229,0,0.021091697,0,0.019576334,0.007229371,0.400998733,0.710863186,0.832649307
0.9,18,0.568878616,0.066148676,0,0.017794323,0,0.033609858,0.011657197,0.331526486,0.560020303,0.627117197
1,18,0.516320815,0.060037304,0,0.014715178,0,0.052732992,0.017315614,0.257305031,0.415524568,0.4487025
1.1,18,0.463861238,0.053937353,0,0.011927891,0,0.073852699,0.023197448,0.184380559,0.288071653,0.304647236
1.2,18,0.412500951,0.047965227,0,0.00947711,0,0.091657697,0.027846208,0.1208637,0.186116466,0.196782457
1.3,18,0.363103345,0.042221319,0,0.007380781,0,0.101761141,0.030206345,0.07263659,0.11252513,0.121675912
1.4,18,0.316376319,0.036787944,0,0.005634337,0,0.103138722,0.030155827,0.040503063,0.064265357,0.07262346
1.5,18,0.272863919,0.031728363,0,0.004215969,0,0.097653188,0.028286786,0.021297002,0.035072318,0.042207336
1.6,18,0.232946762,0.027086833,0,0.00309219,0,0.08810598,0.025380589,0.010723531,0.018489333,0.024071956
1.7,18,0.196850113,0.022889548,0,0.002223049,0,0.076860319,0.022070729,0.00523422,0.009498476,0.013557269
1.8,18,0.164658094,0.01914629,0,0.001566556,0,0.065455622,0.018762112,0.002498255,0.004785822,0.007576033
1.9,18,0.13633235,0.015852599,0,0.001082074,0,0.05474025,0.015674985,0.00117271,0.002375489,0.004215308
2,18,0.111733443,0.012992261,0,0.000732626,0,0.045112024,0.012910782,0.00054332,0.001164947,0.0023409
2.1,18,0.090643333,0.010539922,0,0.000486207,0,0.036708515,0.010502552,0.00024893,0.000565472,0.001299479
2.2,18,0.072787529,0.008463666,0,0.000316282,0,0.029526663,0.008446363,0.000112874,0.00027199,0.000721656
2.3,18,0.057855747,0.006727412,0,0.00020167,0,0.02349109,0.006719216,5.06E-05,0.00012973,0.000400978
2.4,18,0.045520232,0.00529305,0,0.000126044,0,0.018491869,0.005289009,2.25E-05,6.14E-05,0.000222816
2.5,18,0.035451192,0.004122232,0,7.72E-05,0,0.014405498,0.004120118,9.85E-06,2.88E-05,0.000123707
2.6,18,0.02732912,0.003177805,0,4.64E-05,0,0.011106823,0.003176615,4.26E-06,1.35E-05,6.85E-05
2.7,18,0.020853976,0.002424881,0,2.73E-05,0,0.00847598,0.002424158,1.81E-06,6.27E-06,3.78E-05
2.8,18,0.015751449,0.001831564,0,1.57E-05,0,0.006402385,0.001831095,7.60E-07,2.95E-06,2.09E-05
2.9,18,0.011776618,0.001369374,0,8.91E-06,0,0.00478688,0.001369054,3.24E-07,1.51E-06,1.19E-05
3,18,0.008715436,0.001013423,0,4.94E-06,0,0.003542622,0.001013194,1.73E-07,1.07E-06,8.69E-06
-3,24,0.008715436,0.001013423,0,4.94E-06,0,0.002624251,0.001013121,1.85E-07,9.65E-07,9.74E-06
-2.9,24,0.011776618,0.001369374,0,8.91E-06,0,0.003545948,0.001368954,3.50E-07,1.42E-06,1.35E-05
-2.8,24,0.015751449,0.001831564,0,1.57E-05,0,0.004742634,0.001830954,8.29E-07,2.97E-06,2.40E-05
-2.7,24,0.020853976,0.002424881,0,2.73E-05,0,0.006278597,0.002423946,2.01E-06,6.73E-06,4.49E-05
-2.6,24,0.02732912,0.003177805,0,4.64E-05,0,0.008227182,0.003176261,4.85E-06,1.53E-05,8.45E-05
-2.5,24,0.035451192,0.004122232,0,7.72E-05,0,0.010669997,0.004119444,1.15E-05,3.47E-05,0.000159312
-2.4,24,0.045520232,0.00529305,0,0.000126044,0,0.013694987,0.005287539,2.73E-05,7.79E-05,0.000301705
-2.3,24,0.057855747,0.006727412,0,0.00020167,0,0.017392569,0.006715675,6.40E-05,0.000173955,0.000574223
-2.2,24,0.072787529,0.008463666,0,0.000316282,0,0.02184817,0.008437367,0.000149304,0.000386223,0.001098913
-2.1,24,0.090643333,0.010539922,0,0.000486207,0,0.027127486,0.010479242,0.000346566,0.000852513,0.002114279
-2,24,0.111733443,0.012992261,0,0.000732626,0,0.033246537,0.012850433,0.000799932,0.001869358,0.004085763
-1.9,24,0.13633235,0.015852599,0,0.001082074,0,0.040110132,0.015520877,0.001831966,0.004063861,0.007915589
-1.8,24,0.164658094,0.01914629,0,0.001566556,0,0.047389482,0.018378065,0.004143553,0.008724402,0.01532658
-1.7,24,0.196850113,0.022889548,0,0.002223049,0,0.054303379,0.021148787,0.009179067,0.018371238,0.0295169
-1.6,24,0.232946762,0.027086833,0,0.00309219,0,0.059322813,0.023289118,0.019642169,0.037539548,0.056136487
-1.5,24,0.272863919,0.031728363,0,0.004215969,0,0.060073427,0.023929671,0.039766941,0.073306589,0.104367928
-1.4,24,0.316376319,0.036787944,0,0.005634337,0,0.054191131,0.022135225,0.074184235,0.134270915,0.187238999
-1.3,24,0.363103345,0.042221319,0,0.007380781,0,0.041633269,0.017702215,0.124411772,0.226641113,0.319614049
-1.2,24,0.412500951,0.047965227,0,0.00947711,0,0.026326495,0.011869247,0.185721493,0.349161505,0.513174056
-1.1,24,0.463861238,0.053937353,0,0.011927891,0,0.01360695,0.006630541,0.249894319,0.492506556,0.770971364
-1,24,0.516320815,0.060037304,0,0.014715178,0,0.005884576,0.003151852,0.311511298,0.644836319,1.085880436
-0.9,24,0.568878616,0.066148676,0,0.017794323,0,0.0022245,0.001326045,0.369563666,0.797204201,1.443539429
-0.8,24,0.62042317,0.072142229,0,0.021091697,0,0.000774296,0.000517417,0.424666589,0.944393035,1.826389507
-0.7,24,0.669768673,0.077880078,0,0.024505056,0,0.000261774,0.00019643,0.476934126,1.08320956,2.216300628
-0.6,24,0.715698451,0.08322075,0,0.027907053,0,9.05E-05,7.60E-05,0.52567192,1.211022553,2.595749936
-0.5,24,0.757013713,0.08802485,0,0.031152031,0,3.36E-05,3.13E-05,0.569739832,1.325203116,2.948349621
-0.4,24,0.792584985,0.092161045,0,0.034085752,0,1.40E-05,1.43E-05,0.607882398,1.423105873,3.25923414
-0.3,24,0.821403138,0.095511993,0,0.036557247,0,6.83E-06,7.46E-06,0.638919585,1.502235617,3.515462561
-0.2,24,0.84262686,0.097979867,0,0.038431578,0,3.99E-06,4.60E-06,0.661851958,1.560436746,3.706432201
-0.1,24,0.855623419,0.099491095,0,0.039601993,0,2.87E-06,3.41E-06,0.675924618,1.596052844,3.824259161
0,24,0.86,0.1,0,0.04,0,2.57E-06,3.08E-06,0.680668515,1.608043134,3.864082406
0.1,24,0.855623419,0.099491095,0,0.039601993,0,2.87E-06,3.41E-06,0.675924618,1.596052844,3.824259161
0.2,24,0.84262686,0.097979867,0,0.038431578,0,3.99E-06,4.60E-06,0.661851958,1.560436746,3.706432201
0.3,24,0.821403138,0.095511993,0,0.036557247,0,6.83E-06,7.46E-06,0.638919585,1.502235617,3.515462561
0.4,24,0.792584985,0.092161045,0,0.034085752,0,1.40E-05,1.43E-05,0.607882398,1.423105873,3.25923414
0.5,24,0.757013713,0.08802485,0,0.031152031,0,3.36E-05,3.13E-05,0.569739832,1.325203116,2.948349621
0.6,24,0.715698451,0.08322075,0,0.027907053,0,9.05E-05,7.60E-05,0.52567192,1.211022553,2.595749936
0.7,24,0.669768673,0.077880078,0,0.024505056,0,0.000261774,0.00019643,0.476934126,1.08320956,2.216300628
0.8,24,0.62042317,0.072142229,0,0.021091697,0,0.000774296,0.000517417,0.424666589,0.944393035,1.826389507
0.9,24,0.568878616,0.066148676,0,0.017794323,0,0.0022245,0.001326045,0.369563666,0.797204201,1.443539429
1,24,0.516320815,0.060037304,0,0.014715178,0,0.005884576,0.003151852,0.311511298,0.644836319,1.085880436
1.1,24,0.463861238,0.053937353,0,0.011927891,0,0.01360695,0.006630541,0.249894319,0.492506556,0.770971364
1.2,24,0.412500951,0.047965227,0,0.00947711,0,0.026326495,0.011869247,0.185721493,0.349161505,0.513174056
1.3,24,0.363103345,0.042221319,0,0.007380781,0,0.041633269,0.017702215,0.124411772,0.226641113,0.319614049
1.4,24,0.316376319,0.036787944,0,0.005634337,0,0.054191131,0.022135225,0.074184235,0.134270915,0.187238999
1.5,24,0.272863919,0.031728363,0,0.004215969,0,0.060073427,0.023929671,0.039766941,0.073306589,0.104367928
1.6,24,0.232946762,0.027086833,0,0.00309219,0,0.059322813,0.023289118,0.019642169,0.037539548,0.056136487
1.7,24,0.196850113,0.022889548,0,0.002223049,0,0.054303379,0.021148787,0.009179067,0.018371238,0.0295169
1.8,24,0.164658094,0.01914629,0,0.001566556,0,0.047389482,0.018378065,0.004143553,0.008724402,0.01532658
1.9,24,0.13633235,0.015852599,0,0.001082074,0,0.040110132,0.015520877,0.001831966,0.004063861,0.007915589
2,24,0.111733443,0.012992261,0,0.000732626,0,0.033246537,0.012850433,0.000799932,0.001869358,0.004085763
2.1,24,0.090643333,0.010539922,0,0.000486207,0,0.027127486,0.010479242,0.000346566,0.000852513,0.002114279
2.2,24,0.072787529,0.008463666,0,0.000316282,0,0.02184817,0.008437367,0.000149304,0.000386223,0.001098913
2.3,24,0.057855747,0.006727412,0,0.00020167,0,0.017392569,0.006715675,6.40E-05,0.000173955,0.000574223
2.4,24,0.045520232,0.00529305,0,0.000126044,0,0.013694987,0.005287539,2.73E-05,7.79E-05,0.000301705
2.5,24,0.035451192,0.004122232,0,7.72E-05,0,0.010669997,0.004119444,1.15E-05,3.47E-05,0.000159312
2.6,24,0.02732912,0.003177805,0,4.64E-05,0,0.008227182,0.003176261,4.85E-06,1.53E-05,8.45E-05
2.7,24,0.020853976,0.002424881,0,2.73E-05,0,0.006278597,0.002423946,2.01E-06,6.73E-06,4.49E-05
2.8,24,0.015751449,0.001831564,0,1.57E-05,0,0.004742634,0.001830954,8.29E-07,2.97E-06,2.40E-05
2.9,24,0.011776618,0.001369374,0,8.91E-06,0,0.003545948,0.001368954,3.50E-07,1.42E-06,1.35E-05
3,24,0.008715436,0.001013423,0,4.94E-06,0,0.002624251,0.001013121,1.85E-07,9.65E-07,9.74E-06
-3,30,0.008715436,0.001013423,0,4.94E-06,0,0.001943954,0.001013049,1.95E-07,9.81E-07,1.07E-05
-2.9,30,0.011776618,0.001369374,0,8.91E-06,0,0.002626711,0.001368855,3.70E-07,1.48E-06,1.50E-05
-2.8,30,0.015751449,0.001831564,0,1.57E-05,0,0.003513153,0.001830812,8.88E-07,3.21E-06,2.73E-05
-2.7,30,0.020853976,0.002424881,0,2.73E-05,0,0.004650871,0.002423729,2.19E-06,7.53E-06,5.26E-05
-2.6,30,0.02732912,0.003177805,0,4.64E-05,0,0.006094095,0.003175887,5.39E-06,1.78E-05,0.000102735
-2.5,30,0.035451192,0.004122232,0,7.72E-05,0,0.007902983,0.004118691,1.32E-05,4.17E-05,0.000202098
-2.4,30,0.045520232,0.00529305,0,0.000126044,0,0.010141831,0.005285784,3.21E-05,9.76E-05,0.000400999
-2.3,30,0.057855747,0.006727412,0,0.00020167,0,0.0128752,0.006711158,7.81E-05,0.000227571,0.000803073
-2.2,30,0.072787529,0.008463666,0,0.000316282,0,0.016159592,0.008425143,0.00018968,0.000529389,0.001623367
-2.1,30,0.090643333,0.010539922,0,0.000486207,0,0.020025055,0.010445619,0.000460516,0.001228054,0.003309759
-2,30,0.111733443,0.012992261,0,0.000732626,0,0.024433726,0.012758314,0.001115445,0.00283521,0.00679364
-1.9,30,0.13633235,0.015852599,0,0.001082074,0,0.029188293,0.015273268,0.002682952,0.006484616,0.013992143
-1.8,30,0.164658094,0.01914629,0,0.001566556,0,0.033748003,0.017736416,0.006347906,0.014566456,0.028753177
-1.7,30,0.196850113,0.022889548,0,0.002223049,0,0.036944197,0.019587975,0.014523454,0.031676393,0.058419202
-1.6,30,0.232946762,0.027086833,0,0.00309219,0,0.036844453,0.019872163,0.031262675,0.065301913,0.115770661
-1.5,30,0.272863919,0.031728363,0,0.004215969,0,0.031604842,0.017585617,0.06108348,0.124447579,0.21984011
-1.4,30,0.316376319,0.036787944,0,0.005634337,0,0.021827824,0.012791273,0.104967925,0.214504331,0.392622872
-1.3,30,0.363103345,0.042221319,0,0.007380781,0,0.011565353,0.00732196,0.157609561,0.33181192,0.650649838
-1.2,30,0.412500951,0.047965227,0,0.00947711,0,0.004665792,0.003276114,0.212101348,0.465685962,0.997166153
-1.1,30,0.463861238,0.053937353,0,0.011927891,0,0.001479027,0.001178768,0.26578619,0.606232551,1.422065323
-1,30,0.516320815,0.060037304,0,0.014715178,0,0.000388278,0.000357586,0.319179736,0.748051382,1.907612827
-0.9,30,0.568878616,0.066148676,0,0.017794323,0,8.96E-05,9.65E-05,0.372724303,0.888536845,2.433410242
-0.8,30,0.62042317,0.072142229,0,0.021091697,0,1.94E-05,2.45E-05,0.425851908,1.025587112,2.978517699
-0.7,30,0.669768673,0.077880078,0,0.024505056,0,4.18E-06,6.18E-06,0.477363013,1.156693786,3.522074128
-0.6,30,0.715698451,0.08322075,0,0.027907053,0,9.63E-07,1.64E-06,0.525829872,1.278918661,4.043642904
-0.5,30,0.757013713,0.08802485,0,0.031152031,0,2.52E-07,4.83E-07,0.569801971,1.389130349,4.523679464
-0.4,30,0.792584985,0.092161045,0,0.034085752,0,7.98E-08,1.66E-07,0.607909649,1.484254442,4.944129
-0.3,30,0.821403138,0.095511993,0,0.036557247,0,3.19E-08,6.93E-08,0.638933398,1.561485426,5.289077266
-0.2,30,0.84262686,0.097979867,0,0.038431578,0,1.66E-08,3.64E-08,0.661860287,1.618458777,5.545380769
-0.1,30,0.855623419,0.099491095,0,0.039601993,0,1.12E-08,2.45E-08,0.675930717,1.653386288,5.703217803
0,30,0.86,0.1,0,0.04,0,9.78E-09,2.15E-08,0.680674004,1.665154743,5.756515183
0.1,30,0.855623419,0.099491095,0,0.039601993,0,1.12E-08,2.45E-08,0.675930717,1.653386288,5.703217803
0.2,30,0.84262686,0.097979867,0,0.038431578,0,1.66E-08,3.64E-08,0.661860287,1.618458777,5.545380769
0.3,30,0.821403138,0.095511993,0,0.036557247,0,3.19E-08,6.93E-08,0.638933398,1.561485426,5.289077266
0.4,30,0.792584985,0.092161045,0,0.034085752,0,7.98E-08,1.66E-07,0.607909649,1.484254442,4.944129
0.5,30,0.757013713,0.08802485,0,0.031152031,0,2.52E-07,4.83E-07,0.569801971,1.389130349,4.523679464
0.6,30,0.715698451,0.08322075,0,0.027907053,0,9.63E-07,1.64E-06,0.525829872,1.278918661,4.043642904
0.7,30,0.669768673,0.077880078,0,0.024505056,0,4.18E-06,6.18E-06,0.477363013,1.156693786,3.522074128
0.8,30,0.62042317,0.072142229,0,0.021091697,0,1.94E-05,2.45E-05,0.425851908,1.025587112,2.978517699
0.9,30,0.568878616,0.066148676,0,0.017794323,0,8.96E-05,9.65E-05,0.372724303,0.888536845,2.433410242
1,30,0.516320815,0.060037304,0,0.014715178,0,0.000388278,0.000357586,0.319179736,0.748051382,1.907612827
1.1,30,0.463861238,0.053937353,0,0.011927891,0,0.001479027,0.001178768,0.26578619,0.606232551,1.422065323
1.2,30,0.412500951,0.047965227,0,0.00947711,0,0.004665792,0.003276114,0.212101348,0.465685962,0.997166153
1.3,30,0.363103345,0.042221319,0,0.007380781,0,0.011565353,0.00732196,0.157609561,0.33181192,0.650649838
1.4,30,0.316376319,0.036787944,0,0.005634337,0,0.021827824,0.012791273,0.104967925,0.214504331,0.392622872
1.5,30,0.272863919,0.031728363,0,0.004215969,0,0.031604842,0.017585617,0.06108348,0.124447579,0.21984011
1.6,30,0.232946762,0.027086833,0,0.00309219,0,0.036844453,0.019872163,0.031262675,0.065301913,0.115770661
1.7,30,0.196850113,0.022889548,0,0.002223049,0,0.036944197,0.019587975,0.014523454,0.031676393,0.058419202
1.8,30,0.164658094,0.01914629,0,0.001566556,0,0.033748003,0.017736416,0.006347906,0.014566456,0.028753177
1.9,30,0.13633235,0.015852599,0,0.001082074,0,0.029188293,0.015273268,0.002682952,0.006484616,0.013992143
2,30,0.111733443,0.012992261,0,0.000732626,0,0.024433726,0.012758314,0.001115445,0.00283521,0.00679364
2.1,30,0.090643333,0.010539922,0,0.000486207,0,0.020025055,0.010445619,0.000460516,0.001228054,0.003309759
2.2,30,0.072787529,0.008463666,0,0.000316282,0,0.016159592,0.008425143,0.00018968,0.000529389,0.001623367
2.3,30,0.057855747,0.006727412,0,0.00020167,0,0.0128752,0.006711158,7.81E-05,0.000227571,0.000803073
2.4,30,0.045520232,0.00529305,0,0.000126044,0,0.010141831,0.005285784,3.21E-05,9.76E-05,0.000400999
2.5,30,0.035451192,0.004122232,0,7.72E-05,0,0.007902983,0.004118691,1.32E-05,4.17E-05,0.000202098
2.6,30,0.02732912,0.003177805,0,4.64E-05,0,0.006094095,0.003175887,5.39E-06,1.78E-05,0.000102735
2.7,30,0.020853976,0.002424881,0,2.73E-05,0,0.004650871,0.002423729,2.19E-06,7.53E-06,5.26E-05
2.8,30,0.015751449,0.001831564,0,1.57E-05,0,0.003513153,0.001830812,8.88E-07,3.21E-06,2.73E-05
2.9,30,0.011776618,0.001369374,0,8.91E-06,0,0.002626711,0.001368855,3.70E-07,1.48E-06,1.50E-05
3,30,0.008715436,0.001013423,0,4.94E-06,0,0.001943954,0.001013049,1.95E-07,9.81E-07,1.07E-05
-3,36,0.008715436,0.001013423,0,4.94E-06,0,0.001440013,0.001012977,2.04E-07,1.04E-06,1.18E-05
-2.9,36,0.011776618,0.001369374,0,8.91E-06,0,0.001945772,0.001368755,3.88E-07,1.59E-06,1.65E-05
-2.8,36,0.015751449,0.001831564,0,1.57E-05,0,0.002602401,0.001830668,9.39E-07,3.50E-06,3.08E-05
-2.7,36,0.020853976,0.002424881,0,2.73E-05,0,0.003445124,0.002423505,2.36E-06,8.42E-06,6.13E-05
-2.6,36,0.02732912,0.003177805,0,4.64E-05,0,0.004514022,0.00317549,5.91E-06,2.04E-05,0.000123769
-2.5,36,0.035451192,0.004122232,0,7.72E-05,0,0.005853388,0.004117849,1.48E-05,4.94E-05,0.000253008
-2.4,36,0.045520232,0.00529305,0,0.000126044,0,0.007510028,0.005283706,3.70E-05,0.000119608,0.000523544
-2.3,36,0.057855747,0.006727412,0,0.00020167,0,0.009529321,0.0067055,9.28E-05,0.000289535,0.001097027
-2.2,36,0.072787529,0.008463666,0,0.000316282,0,0.011945947,0.008409013,0.000233676,0.000701383,0.002326817
-2.1,36,0.090643333,0.010539922,0,0.000486207,0,0.01476154,0.010399031,0.000590137,0.001697638,0.004988376
-2,36,0.111733443,0.012992261,0,0.000732626,0,0.017890982,0.012624956,0.001489266,0.004086746,0.010776142
-1.9,36,0.13633235,0.015852599,0,0.001082074,0,0.021041448,0.014902831,0.003722945,0.009693427,0.023322267
-1.8,36,0.164658094,0.01914629,0,0.001566556,0,0.02348924,0.016768001,0.009060835,0.022289163,0.05006901
-1.7,36,0.196850113,0.022889548,0,0.002223049,0,0.023872788,0.017320783,0.020836003,0.048501362,0.104981103
-1.6,36,0.232946762,0.027086833,0,0.00309219,0,0.020648137,0.015458224,0.043404151,0.096974558,0.210515197
-1.5,36,0.272863919,0.031728363,0,0.004215969,0,0.013969683,0.011048466,0.078683937,0.17358352,0.394723864
-1.4,36,0.316376319,0.036787944,0,0.005634337,0,0.006900789,0.005943819,0.122786993,0.275630449,0.680826106
-1.3,36,0.363103345,0.042221319,0,0.007380781,0,0.002437339,0.002361981,0.16990939,0.393737547,1.076329564
-1.2,36,0.412500951,0.047965227,0,0.00947711,0,0.00063225,0.000710263,0.218086723,0.519884758,1.572474079
-1.1,36,0.463861238,0.053937353,0,0.011927891,0,0.000127003,0.000169395,0.267980549,0.650450559,2.151487086
-1,36,0.516320815,0.060037304,0,0.014715178,0,2.11E-05,3.39E-05,0.319832549,0.783829148,2.792327228
-0.9,36,0.568878616,0.066148676,0,0.017794323,0,3.13E-06,6.05E-06,0.372893539,0.918234451,3.472644254
-0.8,36,0.62042317,0.072142229,0,0.021091697,0,4.56E-07,1.03E-06,0.425892799,1.051136789,4.169165025
-0.7,36,0.669768673,0.077880078,0,0.024505056,0,7.07E-08,1.81E-07,0.477372835,1.179434556,4.858012271
-0.6,36,0.715698451,0.08322075,0,0.027907053,0,1.14E-08,3.54E-08,0.525832367,1.299741113,5.515282457
-0.5,36,0.757013713,0.08802485,0,0.031152031,0,-5.08E-11,8.11E-09,0.569802683,1.408631549,6.117816896
-0.4,36,0.792584985,0.092161045,0,0.034085752,0,-4.63E-09,2.18E-09,0.607909892,1.502845692,6.644062111
-0.3,36,0.821403138,0.095511993,0,0.036557247,0,-8.77E-09,5.96E-10,0.638933505,1.579460579,7.074937199
-0.2,36,0.84262686,0.097979867,0,0.038431578,0,-1.26E-08,4.70E-11,0.661860351,1.636037661,7.39464226
-0.1,36,0.855623419,0.099491095,0,0.039601993,0,-1.53E-08,-1.84E-10,0.675930767,1.670743586,7.591352007
0,36,0.86,0.1,0,0.04,0,-1.62E-08,-2.53E-10,0.680674051,1.682440751,7.657747783
0.1,36,0.855623419,0.099491095,0,0.039601993,0,-1.53E-08,-1.84E-10,0.675930767,1.670743586,7.591352007
0.2,36,0.84262686,0.097979867,0,0.038431578,0,-1.26E-08,4.70E-11,0.661860351,1.636037661,7.39464226
0.3,36,0.821403138,0.095511993,0,0.036557247,0,-8.77E-09,5.96E-10,0.638933505,1.579460579,7.074937199
0.4,36,0.792584985,0.092161045,0,0.034085752,0,-4.63E-09,2.18E-09,0.607909892,1.502845692,6.644062111
0.5,36,0.757013713,0.08802485,0,0.031152031,0,-5.08E-11,8.11E-09,0.569802683,1.408631549,6.117816896
0.6,36,0.715698451,0.08322075,0,0.027907053,0,1.14E-08,3.54E-08,0.525832367,1.299741113,5.515282457
0.7,36,0.669768673,0.077880078,0,0.024505056,0,7.07E-08,1.81E-07,0.477372835,1.179434556,4.858012271
0.8,36,0.62042317,0.072142229,0,0.021091697,0,4.56E-07,1.03E-06,0.425892799,1.051136789,4.169165025
0.9,36,0.568878616,0.066148676,0,0.017794323,0,3.13E-06,6.05E-06,0.372893539,0.918234451,3.472644254
1,36,0.516320815,0.060037304,0,0.014715178,0,2.11E-05,3.39E-05,0.319832549,0.783829148,2.792327228
1.1,36,0.463861238,0.053937353,0,0.011927891,0,0.000127003,0.000169395,0.267980549,0.650450559,2.151487086
1.2,36,0.412500951,0.047965227,0,0.00947711,0,0.00063225,0.000710263,0.218086723,0.519884758,1.572474079
1.3,36,0.363103345,0.042221319,0,0.007380781,0,0.002437339,0.002361981,0.16990939,0.393737547,1.076329564
1.4,36,0.316376319,0.036787944,0,0.005634337,0,0.006900789,0.005943819,0.122786993,0.275630449,0.680826106
1.5,36,0.272863919,0.031728363,0,0.004215969,0,0.013969683,0.011048466,0.078683937,0.17358352,0.394723864
1.6,36,0.232946762,0.027086833,0,0.00309219,0,0.020648137,0.015458224,0.043404151,0.096974558,0.210515197
1.7,36,0.196850113,0.022889548,0,0.002223049,0,0.023872788,0.017320783,0.020836003,0.048501362,0.104981103
1.8,36,0.164658094,0.01914629,0,0.001566556,0,0.02348924,0.016768001,0.009060835,0.022289163,0.05006901
1.9,36,0.13633235,0.015852599,0,0.001082074,0,0.021041448,0.014902831,0.003722945,0.009693427,0.023322267
2,36,0.111733443,0.012992261,0,0.000732626,0,0.017890982,0.012624956,0.001489266,0.004086746,0.010776142
2.1,36,0.090643333,0.010539922,0,0.000486207,0,0.01476154,0.010399031,0.000590137,0.001697638,0.004988376
2.2,36,0.072787529,0.008463666,0,0.000316282,0,0.011945947,0.008409013,0.000233676,0.000701383,0.002326817
2.3,36,0.057855747,0.006727412,0,0.00020167,0,0.009529321,0.0067055,9.28E-05,0.000289535,0.001097027
2.4,36,0.045520232,0.00529305,0,0.000126044,0,0.007510028,0.005283706,3.70E-05,0.000119608,0.000523544
2.5,36,0.035451192,0.004122232,0,7.72E-05,0,0.005853388,0.004117849,1.48E-05,4.94E-05,0.000253008
2.6,36,0.02732912,0.003177805,0,4.64E-05,0,0.004514022,0.00317549,5.91E-06,2.04E-05,0.000123769
2.7,36,0.020853976,0.002424881,0,2.73E-05,0,0.003445124,0.002423505,2.36E-06,8.42E-06,6.13E-05
2.8,36,0.015751449,0.001831564,0,1.57E-05,0,0.002602401,0.001830668,9.39E-07,3.50E-06,3.08E-05
2.9,36,0.011776618,0.001369374,0,8.91E-06,0,0.001945772,0.001368755,3.88E-07,1.59E-06,1.65E-05
3,36,0.008715436,0.001013423,0,4.94E-06,0,0.001440013,0.001012977,2.04E-07,1.04E-06,1.18E-05
-3,42,0.008715436,0.001013423,0,4.94E-06,0,0.001066711,0.001012904,2.11E-07,1.11E-06,1.28E-05
-2.9,42,0.011776618,0.001369374,0,8.91E-06,0,0.001441357,0.001368655,4.03E-07,1.72E-06,1.82E-05
-2.8,42,0.015751449,0.001831564,0,1.57E-05,0,0.001927751,0.001830523,9.86E-07,3.81E-06,3.47E-05
-2.7,42,0.020853976,0.002424881,0,2.73E-05,0,0.002551961,0.002423276,2.51E-06,9.34E-06,7.08E-05
-2.6,42,0.02732912,0.003177805,0,4.64E-05,0,0.0033436,0.003175067,6.39E-06,2.32E-05,0.000147687
-2.5,42,0.035451192,0.004122232,0,7.72E-05,0,0.004335232,0.004116912,1.63E-05,5.76E-05,0.000312564
-2.4,42,0.045520232,0.00529305,0,0.000126044,0,0.00556076,0.005281272,4.19E-05,0.000143708,0.000671546
-2.3,42,0.057855747,0.006727412,0,0.00020167,0,0.007051417,0.006698549,0.000108098,0.000359677,0.001464809
-2.2,42,0.072787529,0.008463666,0,0.000316282,0,0.008825624,0.0083883,0.000281106,0.00090278,0.003241006
-2.1,42,0.090643333,0.010539922,0,0.000486207,0,0.010863008,0.010336798,0.000734895,0.002263559,0.007256142
-2,42,0.111733443,0.012992261,0,0.000732626,0,0.013039972,0.01244127,0.001918775,0.005619355,0.01635372
-1.9,42,0.13633235,0.015852599,0,0.001082074,0,0.014989389,0.014386756,0.00492969,0.013592868,0.036750947
-1.8,42,0.164658094,0.01914629,0,0.001566556,0,0.01589406,0.015454939,0.012118571,0.031262424,0.081067178
-1.7,42,0.196850113,0.022889548,0,0.002223049,0,0.014541431,0.014523045,0.027287716,0.066252729,0.171663422
-1.6,42,0.232946762,0.027086833,0,0.00309219,0,0.010437553,0.010958742,0.053586521,0.125489015,0.340150074
-1.5,42,0.272863919,0.031728363,0,0.004215969,0,0.005351164,0.006102262,0.089526678,0.209217123,0.617753564
-1.4,42,0.316376319,0.036787944,0,0.005634337,0,0.001866363,0.002400064,0.130198964,0.310397543,1.020913737
-1.3,42,0.363103345,0.042221319,0,0.007380781,0,0.000446747,0.000672046,0.17323522,0.421940043,1.546748217
-1.2,42,0.412500951,0.047965227,0,0.00947711,0,7.67E-05,0.000139346,0.219133698,0.540779931,2.180267104
-1.1,42,0.463861238,0.053937353,0,0.011927891,0,1.01E-05,2.26E-05,0.268230434,0.665805874,2.901555175
-1,42,0.516320815,0.060037304,0,0.014715178,0,1.11E-06,3.04E-06,0.319881362,0.795556614,3.688255558
-0.9,42,0.568878616,0.066148676,0,0.017794323,0,1.15E-07,3.68E-07,0.372901969,0.927673103,4.515926863
-0.8,42,0.62042317,0.072142229,0,0.021091697,0,1.45E-08,4.44E-08,0.425894193,1.059115681,5.358330341
-0.7,42,0.669768673,0.077880078,0,0.024505056,0,5.13E-09,6.05E-09,0.477373071,1.186458972,6.18806448
-0.6,42,0.715698451,0.08322075,0,0.027907053,0,4.42E-09,1.28E-09,0.525832408,1.306126657,6.977450299
-0.5,42,0.757013713,0.08802485,0,0.031152031,0,6.23E-09,6.51E-10,0.569802685,1.414582704,7.699548392
-0.4,42,0.792584985,0.092161045,0,0.034085752,0,1.30E-08,5.70E-10,0.607909877,1.508500314,8.329224414
-0.3,42,0.821403138,0.095511993,0,0.036557247,0,2.43E-08,6.33E-10,0.638933474,1.584915658,8.844195322
-0.2,42,0.84262686,0.097979867,0,0.038431578,0,3.54E-08,8.00E-10,0.661860305,1.641364925,9.225993416
-0.1,42,0.855623419,0.099491095,0,0.039601993,0,4.22E-08,9.82E-10,0.675930711,1.675999557,9.460789156
0,42,0.86,0.1,0,0.04,0,4.42E-08,1.06E-09,0.680673992,1.687673812,9.540020694
0.1,42,0.855623419,0.099491095,0,0.039601993,0,4.22E-08,9.82E-10,0.675930711,1.675999557,9.460789156
0.2,42,0.84262686,0.097979867,0,0.038431578,0,3.54E-08,8.00E-10,0.661860305,1.641364925,9.225993416
0.3,42,0.821403138,0.095511993,0,0.036557247,0,2.43E-08,6.33E-10,0.638933474,1.584915658,8.844195322
0.4,42,0.792584985,0.092161045,0,0.034085752,0,1.30E-08,5.70E-10,0.607909877,1.508500314,8.329224414
0.5,42,0.757013713,0.08802485,0,0.031152031,0,6.23E-09,6.51E-10,0.569802685,1.414582704,7.699548392
0.6,42,0.715698451,0.08322075,0,0.027907053,0,4.42E-09,1.28E-09,0.525832408,1.306126657,6.977450299
0.7,42,0.669768673,0.077880078,0,0.024505056,0,5.13E-09,6.05E-09,0.477373071,1.186458972,6.18806448
0.8,42,0.62042317,0.072142229,0,0.021091697,0,1.45E-08,4.44E-08,0.425894193,1.059115681,5.358330341
0.9,42,0.568878616,0.066148676,0,0.017794323,0,1.15E-07,3.68E-07,0.372901969,0.927673103,4.515926863
1,42,0.516320815,0.060037304,0,0.014715178,0,1.11E-06,3.04E-06,0.319881362,0.795556614,3.688255558
1.1,42,0.463861238,0.053937353,0,0.011927891,0,1.01E-05,2.26E-05,0.268230434,0.665805874,2.901555175
1.2,42,0.412500951,0.047965227,0,0.00947711,0,7.67E-05,0.000139346,0.219133698,0.540779931,2.180267104
1.3,42,0.363103345,0.042221319,0,0.007380781,0,0.000446747,0.000672046,0.17323522,0.421940043,1.546748217
1.4,42,0.316376319,0.036787944,0,0.005634337,0,0.001866363,0.002400064,0.130198964,0.310397543,1.020913737
1.5,42,0.272863919,0.031728363,0,0.004215969,0,0.005351164,0.006102262,0.089526678,0.209217123,0.617753564
1.6,42,0.232946762,0.027086833,0,0.00309219,0,0.010437553,0.010958742,0.053586521,0.125489015,0.340150074
1.7,42,0.196850113,0.022889548,0,0.002223049,0,0.014541431,0.014523045,0.027287716,0.066252729,0.171663422
1.8,42,0.164658094,0.01914629,0,0.001566556,0,0.01589406,0.015454939,0.012118571,0.031262424,0.081067178
1.9,42,0.13633235,0.015852599,0,0.001082074,0,0.014989389,0.014386756,0.00492969,0.013592868,0.036750947
2,42,0.111733443,0.012992261,0,0.000732626,0,0.013039972,0.01244127,0.001918775,0.005619355,0.01635372
2.1,42,0.090643333,0.010539922,0,0.000486207,0,0.010863008,0.010336798,0.000734895,0.002263559,0.007256142
2.2,42,0.072787529,0.008463666,0,0.000316282,0,0.008825624,0.0083883,0.000281106,0.00090278,0.003241006
2.3,42,0.057855747,0.006727412,0,0.00020167,0,0.007051417,0.006698549,0.000108098,0.000359677,0.001464809
2.4,42,0.045520232,0.00529305,0,0.000126044,0,0.00556076,0.005281272,4.19E-05,0.000143708,0.000671546
2.5,42,0.035451192,0.004122232,0,7.72E-05,0,0.004335232,0.004116912,1.63E-05,5.76E-05,0.000312564
2.6,42,0.02732912,0.003177805,0,4.64E-05,0,0.0033436,0.003175067,6.39E-06,2.32E-05,0.000147687
2.7,42,0.020853976,0.002424881,0,2.73E-05,0,0.002551961,0.002423276,2.51E-06,9.34E-06,7.08E-05
2.8,42,0.015751449,0.001831564,0,1.57E-05,0,0.001927751,0.001830523,9.86E-07,3.81E-06,3.47E-05
2.9,42,0.011776618,0.001369374,0,8.91E-06,0,0.001441357,0.001368655,4.03E-07,1.72E-06,1.82E-05
3,42,0.008715436,0.001013423,0,4.94E-06,0,0.001066711,0.001012904,2.11E-07,1.11E-06,1.28E-05
-3,48,0.008715436,0.001013423,0,4.94E-06,0,0.000790182,0.001012832,2.18E-07,1.19E-06,1.40E-05
-2.9,48,0.011776618,0.001369374,0,8.91E-06,0,0.001067704,0.001368554,4.18E-07,1.84E-06,2.01E-05
-2.8,48,0.015751449,0.001831564,0,1.57E-05,0,0.001427997,0.001830377,1.03E-06,4.11E-06,3.88E-05
-2.7,48,0.020853976,0.002424881,0,2.73E-05,0,0.001890349,0.00242304,2.65E-06,1.03E-05,8.13E-05
-2.6,48,0.02732912,0.003177805,0,4.64E-05,0,0.00247663,0.003174618,6.85E-06,2.60E-05,0.00017454
-2.5,48,0.035451192,0.004122232,0,7.72E-05,0,0.003210743,0.004115874,1.78E-05,6.63E-05,0.000381164
-2.4,48,0.045520232,0.00529305,0,0.000126044,0,0.0041171,0.005278453,4.68E-05,0.000169874,0.000847042
-2.3,48,0.057855747,0.006727412,0,0.00020167,0,0.005216583,0.006690154,0.000124018,0.000438051,0.001914977
-2.2,48,0.072787529,0.008463666,0,0.000316282,0,0.006515751,0.008362337,0.000331996,0.001133242,0.004397444
-2.1,48,0.090643333,0.010539922,0,0.000486207,0,0.007978074,0.01025642,0.00089443,0.00291934,0.010215304
-2,48,0.111733443,0.012992261,0,0.000732626,0,0.0094526,0.012200243,0.002398876,0.007382705,0.023809471
-1.9,48,0.13633235,0.015852599,0,0.001082074,0,0.010532288,0.013717799,0.0062604,0.017916893,0.054887677
-1.8,48,0.164658094,0.01914629,0,0.001566556,0,0.010429489,0.013856363,0.015278735,0.040466602,0.122482486
-1.7,48,0.196850113,0.022889548,0,0.002223049,0,0.008363889,0.011564709,0.0330562,0.08224664,0.257553222
-1.6,48,0.232946762,0.027086833,0,0.00309219,0,0.004850835,0.007202967,0.060727752,0.146862194,0.49751516
-1.5,48,0.272863919,0.031728363,0,0.004215969,0,0.001867149,0.003098923,0.095015095,0.230667218,0.870762937
-1.4,48,0.316376319,0.036787944,0,0.005634337,0,0.000465644,0.000901287,0.132794276,0.327305875,1.385147806
-1.3,48,0.363103345,0.042221319,0,0.007380781,0,7.72E-05,0.000181282,0.17403217,0.433509763,2.031768186
-1.2,48,0.412500951,0.047965227,0,0.00947711,0,8.97E-06,2.64E-05,0.219304992,0.548424228,2.793813216
-1.1,48,0.463861238,0.053937353,0,0.011927891,0,7.93E-07,2.93E-06,0.268258272,0.671048684,3.650553745
-1,48,0.516320815,0.060037304,0,0.014715178,0,6.14E-08,2.70E-07,0.319885074,0.799398867,4.577948919
-0.9,48,0.568878616,0.066148676,0,0.017794323,0,5.49E-09,2.30E-08,0.372902414,0.930685224,5.548866578
-0.8,48,0.62042317,0.072142229,0,0.021091697,0,6.91E-11,2.20E-09,0.425894248,1.061617389,6.533707586
-0.7,48,0.669768673,0.077880078,0,0.024505056,0,1.23E-09,2.26E-10,0.477373081,1.188635038,7.501345259
-0.6,48,0.715698451,0.08322075,0,0.027907053,0,6.06E-09,-4.74E-11,0.525832408,1.30808863,8.420240638
-0.5,48,0.757013713,0.08802485,0,0.031152031,0,9.01E-09,1.13E-10,0.569802683,1.416401041,9.259650946
-0.4,48,0.792584985,0.092161045,0,0.034085752,0,1.55E-08,4.28E-10,0.607909875,1.510221556,9.990869049
-0.3,48,0.821403138,0.095511993,0,0.036557247,0,5.01E-08,6.07E-10,0.63893345,1.586572039,10.58843105
-0.2,48,0.84262686,0.097979867,0,0.038431578,0,1.23E-07,6.27E-10,0.661860222,1.642979989,11.03122569
-0.1,48,0.855623419,0.099491095,0,0.039601993,0,2.00E-07,6.29E-10,0.675930561,1.677591667,11.30344019
0,48,0.86,0.1,0,0.04,0,2.33E-07,6.42E-10,0.680673813,1.68925856,11.39528345
0.1,48,0.855623419,0.099491095,0,0.039601993,0,2.00E-07,6.29E-10,0.675930561,1.677591667,11.30344019
0.2,48,0.84262686,0.097979867,0,0.038431578,0,1.23E-07,6.27E-10,0.661860222,1.642979989,11.03122569
0.3,48,0.821403138,0.095511993,0,0.036557247,0,5.01E-08,6.07E-10,0.63893345,1.586572039,10.58843105
0.4,48,0.792584985,0.092161045,0,0.034085752,0,1.55E-08,4.28E-10,0.607909875,1.510221556,9.990869049
0.5,48,0.757013713,0.08802485,0,0.031152031,0,9.01E-09,1.13E-10,0.569802683,1.416401041,9.259650946
0.6,48,0.715698451,0.08322075,0,0.027907053,0,6.06E-09,-4.74E-11,0.525832408,1.30808863,8.420240638
0.7,48,0.669768673,0.077880078,0,0.024505056,0,1.23E-09,2.26E-10,0.477373081,1.188635038,7.501345259
0.8,48,0.62042317,0.072142229,0,0.021091697,0,6.91E-11,2.20E-09,0.425894248,1.061617389,6.533707586
0.9,48,0.568878616,0.066148676,0,0.017794323,0,5.49E-09,2.30E-08,0.372902414,0.930685224,5.548866578
1,48,0.516320815,0.060037304,0,0.014715178,0,6.14E-08,2.70E-07,0.319885074,0.799398867,4.577948919
1.1,48,0.463861238,0.053937353,0,0.011927891,0,7.93E-07,2.93E-06,0.268258272,0.671048684,3.650553745
1.2,48,0.412500951,0.047965227,0,0.00947711,0,8.97E-06,2.64E-05,0.219304992,0.548424228,2.793813216
1.3,48,0.363103345,0.042221319,0,0.007380781,0,7.72E-05,0.000181282,0.17403217,0.433509763,2.031768186
1.4,48,0.316376319,0.036787944,0,0.005634337,0,0.000465644,0.000901287,0.132794276,0.327305875,1.385147806
1.5,48,0.272863919,0.031728363,0,0.004215969,0,0.001867149,0.003098923,0.095015095,0.230667218,0.870762937
1.6,48,0.232946762,0.027086833,0,0.00309219,0,0.004850835,0.007202967,0.060727752,0.146862194,0.49751516
1.7,48,0.196850113,0.022889548,0,0.002223049,0,0.008363889,0.011564709,0.0330562,0.08224664,0.257553222
1.8,48,0.164658094,0.01914629,0,0.001566556,0,0.010429489,0.013856363,0.015278735,0.040466602,0.122482486
1.9,48,0.13633235,0.015852599,0,0.001082074,0,0.010532288,0.013717799,0.0062604,0.017916893,0.054887677
2,48,0.111733443,0.012992261,0,0.000732626,0,0.0094526,0.012200243,0.002398876,0.007382705,0.023809471
2.1,48,0.090643333,0.010539922,0,0.000486207,0,0.007978074,0.01025642,0.00089443,0.00291934,0.010215304
2.2,48,0.072787529,0.008463666,0,0.000316282,0,0.006515751,0.008362337,0.000331996,0.001133242,0.004397444
2.3,48,0.057855747,0.006727412,0,0.00020167,0,0.005216583,0.006690154,0.000124018,0.000438051,0.001914977
2.4,48,0.045520232,0.00529305,0,0.000126044,0,0.0041171,0.005278453,4.68E-05,0.000169874,0.000847042
2.5,48,0.035451192,0.004122232,0,7.72E-05,0,0.003210743,0.004115874,1.78E-05,6.63E-05,0.000381164
2.6,48,0.02732912,0.003177805,0,4.64E-05,0,0.00247663,0.003174618,6.85E-06,2.60E-05,0.00017454
2.7,48,0.020853976,0.002424881,0,2.73E-05,0,0.001890349,0.00242304,2.65E-06,1.03E-05,8.13E-05
2.8,48,0.015751449,0.001831564,0,1.57E-05,0,0.001427997,0.001830377,1.03E-06,4.11E-06,3.88E-05
2.9,48,0.011776618,0.001369374,0,8.91E-06,0,0.001067704,0.001368554,4.18E-07,1.84E-06,2.01E-05
3,48,0.008715436,0.001013423,0,4.94E-06,0,0.000790182,0.001012832,2.18E-07,1.19E-06,1.40E-05
-3,54,0.008715436,0.001013423,0,4.94E-06,0,0.000585339,0.001012759,2.24E-07,1.27E-06,1.52E-05
-2.9,54,0.011776618,0.001369374,0,8.91E-06,0,0.000790916,0.001368453,4.31E-07,1.97E-06,2.20E-05
-2.8,54,0.015751449,0.001831564,0,1.57E-05,0,0.001057799,0.001830228,1.07E-06,4.42E-06,4.33E-05
-2.7,54,0.020853976,0.002424881,0,2.73E-05,0,0.00140026,0.002422797,2.78E-06,1.12E-05,9.28E-05
-2.6,54,0.02732912,0.003177805,0,4.64E-05,0,0.001834442,0.003174144,7.30E-06,2.89E-05,0.000204371
-2.5,54,0.035451192,0.004122232,0,7.72E-05,0,0.002377861,0.004114731,1.93E-05,7.54E-05,0.000459206
-2.4,54,0.045520232,0.00529305,0,0.000126044,0,0.003047969,0.005275219,5.18E-05,0.000198157,0.001052069
-2.3,54,0.057855747,0.006727412,0,0.00020167,0,0.003858158,0.006680166,0.000140652,0.000524506,0.002455927
-2.2,54,0.072787529,0.008463666,0,0.000316282,0,0.004806611,0.008330505,0.000386521,0.001390301,0.005825527
-2.1,54,0.090643333,0.010539922,0,0.000486207,0,0.005846027,0.010155911,0.001068345,0.003647746,0.013952165
-2,54,0.111733443,0.012992261,0,0.000732626,0,0.006810654,0.011898683,0.002921873,0.009290267,0.033337861
-1.9,54,0.13633235,0.015852599,0,0.001082074,0,0.007293105,0.012908978,0.007659558,0.02233627,0.077963449
-1.8,54,0.164658094,0.01914629,0,0.001566556,0,0.006641831,0.012092837,0.018304379,0.049007673,0.173851784
-1.7,54,0.196850113,0.022889548,0,0.002223049,0,0.004582193,0.008814331,0.037695087,0.095097955,0.359266118
-1.6,54,0.232946762,0.027086833,0,0.00309219,0,0.002125237,0.004489513,0.065171557,0.161117321,0.673366912
-1.5,54,0.272863919,0.031728363,0,0.004215969,0,0.000617956,0.001500635,0.0975224,0.242382364,1.138875861
-1.4,54,0.316376319,0.036787944,0,0.005634337,0,0.000111909,0.000327226,0.133647447,0.335049783,1.757411798
-1.3,54,0.363103345,0.042221319,0,0.007380781,0,1.30E-05,4.79E-05,0.174218912,0.438154492,2.517878274
-1.2,54,0.412500951,0.047965227,0,0.00947711,0,1.04E-06,4.92E-06,0.219333261,0.551232038,3.403065196
-1.1,54,0.463861238,0.053937353,0,0.011927891,0,6.19E-08,3.78E-07,0.268261472,0.672863359,4.391152371
-1,54,0.516320815,0.060037304,0,0.014715178,0,3.42E-09,2.39E-08,0.319885373,0.800674519,5.455879273
-0.9,54,0.568878616,0.066148676,0,0.017794323,0,1.76E-10,1.45E-09,0.372902441,0.931655871,6.567089541
-0.8,54,0.62042317,0.072142229,0,0.021091697,0,6.75E-11,1.05E-10,0.42589425,1.062406794,7.691674623
-0.7,54,0.669768673,0.077880078,0,0.024505056,0,1.48E-09,-3.81E-12,0.477373081,1.189311846,8.794737228
-0.6,54,0.715698451,0.08322075,0,0.027907053,0,3.59E-09,3.64E-11,0.52583241,1.308692929,9.840884579
-0.5,54,0.757013713,0.08802485,0,0.031152031,0,6.09E-09,1.83E-10,0.569802685,1.416957461,10.79560075
-0.4,54,0.792584985,0.092161045,0,0.034085752,0,1.41E-08,3.47E-10,0.607909876,1.510745997,11.62664537
-0.3,54,0.821403138,0.095511993,0,0.036557247,0,3.12E-08,4.90E-10,0.638933468,1.58707528,12.30541413
-0.2,54,0.84262686,0.097979867,0,0.038431578,0,4.85E-08,6.56E-10,0.661860292,1.643469765,12.80818817
-0.1,54,0.855623419,0.099491095,0,0.039601993,0,5.64E-08,8.34E-10,0.675930697,1.678073957,13.11719934
0,54,0.86,0.1,0,0.04,0,5.76E-08,9.16E-10,0.680673979,1.689738447,13.22144497
0.1,54,0.855623419,0.099491095,0,0.039601993,0,5.64E-08,8.34E-10,0.675930697,1.678073957,13.11719934
0.2,54,0.84262686,0.097979867,0,0.038431578,0,4.85E-08,6.56E-10,0.661860292,1.643469765,12.80818817
0.3,54,0.821403138,0.095511993,0,0.036557247,0,3.12E-08,4.90E-10,0.638933468,1.58707528,12.30541413
0.4,54,0.792584985,0.092161045,0,0.034085752,0,1.41E-08,3.47E-10,0.607909876,1.510745997,11.62664537
0.5,54,0.757013713,0.08802485,0,0.031152031,0,6.09E-09,1.83E-10,0.569802685,1.416957461,10.79560075
0.6,54,0.715698451,0.08322075,0,0.027907053,0,3.59E-09,3.64E-11,0.52583241,1.308692929,9.840884579
0.7,54,0.669768673,0.077880078,0,0.024505056,0,1.48E-09,-3.81E-12,0.477373081,1.189311846,8.794737228
0.8,54,0.62042317,0.072142229,0,0.021091697,0,6.75E-11,1.05E-10,0.42589425,1.062406794,7.691674623
0.9,54,0.568878616,0.066148676,0,0.017794323,0,1.76E-10,1.45E-09,0.372902441,0.931655871,6.567089541
1,54,0.516320815,0.060037304,0,0.014715178,0,3.42E-09,2.39E-08,0.319885373,0.800674519,5.455879273
1.1,54,0.463861238,0.053937353,0,0.011927891,0,6.19E-08,3.78E-07,0.268261472,0.672863359,4.391152371
1.2,54,0.412500951,0.047965227,0,0.00947711,0,1.04E-06,4.92E-06,0.219333261,0.551232038,3.403065196
1.3,54,0.363103345,0.042221319,0,0.007380781,0,1.30E-05,4.79E-05,0.174218912,0.438154492,2.517878274
1.4,54,0.316376319,0.036787944,0,0.005634337,0,0.000111909,0.000327226,0.133647447,0.335049783,1.757411798
1.5,54,0.272863919,0.031728363,0,0.004215969,0,0.000617956,0.001500635,0.0975224,0.242382364,1.138875861
1.6,54,0.232946762,0.027086833,0,0.00309219,0,0.002125237,0.004489513,0.065171557,0.161117321,0.673366912
1.7,54,0.196850113,0.022889548,0,0.002223049,0,0.004582193,0.008814331,0.037695087,0.095097955,0.359266118
1.8,54,0.164658094,0.01914629,0,0.001566556,0,0.006641831,0.012092837,0.018304379,0.049007673,0.173851784
1.9,54,0.13633235,0.015852599,0,0.001082074,0,0.007293105,0.012908978,0.007659558,0.02233627,0.077963449
2,54,0.111733443,0.012992261,0,0.000732626,0,0.006810654,0.011898683,0.002921873,0.009290267,0.033337861
2.1,54,0.090643333,0.010539922,0,0.000486207,0,0.005846027,0.010155911,0.001068345,0.003647746,0.013952165
2.2,54,0.072787529,0.008463666,0,0.000316282,0,0.004806611,0.008330505,0.000386521,0.001390301,0.005825527
2.3,54,0.057855747,0.006727412,0,0.00020167,0,0.003858158,0.006680166,0.000140652,0.000524506,0.002455927
2.4,54,0.045520232,0.00529305,0,0.000126044,0,0.003047969,0.005275219,5.18E-05,0.000198157,0.001052069
2.5,54,0.035451192,0.004122232,0,7.72E-05,0,0.002377861,0.004114731,1.93E-05,7.54E-05,0.000459206
2.6,54,0.02732912,0.003177805,0,4.64E-05,0,0.001834442,0.003174144,7.30E-06,2.89E-05,0.000204371
2.7,54,0.020853976,0.002424881,0,2.73E-05,0,0.00140026,0.002422797,2.78E-06,1.12E-05,9.28E-05
2.8,54,0.015751449,0.001831564,0,1.57E-05,0,0.001057799,0.001830228,1.07E-06,4.42E-06,4.33E-05
2.9,54,0.011776618,0.001369374,0,8.91E-06,0,0.000790916,0.001368453,4.31E-07,1.97E-06,2.20E-05
3,54,0.008715436,0.001013423,0,4.94E-06,0,0.000585339,0.001012759,2.24E-07,1.27E-06,1.52E-05
-3,60,0.008715436,0.001013423,0,4.94E-06,0,0.0004336,0.001012686,2.30E-07,1.35E-06,1.65E-05
-2.9,60,0.011776618,0.001369374,0,8.91E-06,0,0.000585884,0.001368351,4.44E-07,2.10E-06,2.41E-05
-2.8,60,0.015751449,0.001831564,0,1.57E-05,0,0.000783575,0.001830079,1.11E-06,4.72E-06,4.80E-05
-2.7,60,0.020853976,0.002424881,0,2.73E-05,0,0.001037232,0.002422549,2.91E-06,1.21E-05,0.000105143
-2.6,60,0.02732912,0.003177805,0,4.64E-05,0,0.001358766,0.003173642,7.75E-06,3.19E-05,0.000237237
-2.5,60,0.035451192,0.004122232,0,7.72E-05,0,0.001760988,0.004113477,2.09E-05,8.50E-05,0.000547121
-2.4,60,0.045520232,0.00529305,0,0.000126044,0,0.002256269,0.005271539,5.70E-05,0.000228567,0.00128868
-2.3,60,0.057855747,0.006727412,0,0.00020167,0,0.002852656,0.006668442,0.000158141,0.000618449,0.003095482
-2.2,60,0.072787529,0.008463666,0,0.000316282,0,0.003542722,0.008292287,0.000444929,0.001669418,0.007549905
-2.1,60,0.090643333,0.010539922,0,0.000486207,0,0.004273206,0.010034073,0.001256096,0.004425557,0.018526783
-2,60,0.111733443,0.012992261,0,0.000732626,0,0.004875822,0.011537897,0.003478562,0.011250886,0.045021063
-1.9,60,0.13633235,0.015852599,0,0.001082074,0,0.004977422,0.011990274,0.009072079,0.026584689,0.10584162
-1.8,60,0.164658094,0.01914629,0,0.001566556,0,0.004117622,0.010301568,0.021031692,0.056405525,0.233892992
-1.7,60,0.196850113,0.022889548,0,0.002223049,0,0.002417651,0.006494052,0.041160978,0.104714431,0.472649547
-1.6,60,0.232946762,0.027086833,0,0.00309219,0,0.000896628,0.002704388,0.067756971,0.17006358,0.859944029
-1.5,60,0.272863919,0.031728363,0,0.004215969,0,0.000198984,0.000708646,0.098622246,0.248559533,1.412907468
-1.4,60,0.316376319,0.036787944,0,0.005634337,0,2.65E-05,0.000117062,0.133925253,0.338580755,2.129961382
-1.3,60,0.363103345,0.042221319,0,0.007380781,0,2.18E-06,1.25E-05,0.174263272,0.440054463,2.999683965
-1.2,60,0.412500951,0.047965227,0,0.00947711,0,1.17E-07,9.14E-07,0.219338057,0.552292757,4.004489271
-1.1,60,0.463861238,0.053937353,0,0.011927891,0,4.37E-09,4.82E-08,0.268261853,0.673508114,5.120994773
-1,60,0.516320815,0.060037304,0,0.014715178,0,1.23E-10,1.99E-09,0.319885397,0.801106453,6.320400059
-0.9,60,0.568878616,0.066148676,0,0.017794323,0,-6.69E-13,7.06E-11,0.372902442,0.931972802,7.569388596
-0.8,60,0.62042317,0.072142229,0,0.021091697,0,2.79E-14,1.92E-12,0.42589425,1.062657944,8.831310241
-0.7,60,0.669768673,0.077880078,0,0.024505056,0,-1.57E-10,6.16E-14,0.477373082,1.189523387,10.06751468
-0.6,60,0.715698451,0.08322075,0,0.027907053,0,-8.22E-10,-1.12E-12,0.525832414,1.30887959,11.23879547
-0.5,60,0.757013713,0.08802485,0,0.031152031,0,-2.36E-09,-1.87E-11,0.569802694,1.417128005,12.30691256
-0.4,60,0.792584985,0.092161045,0,0.034085752,0,-8.15E-09,-6.28E-11,0.607909898,1.510905921,13.2361426
-0.3,60,0.821403138,0.095511993,0,0.036557247,0,-2.45E-08,-1.28E-10,0.638933521,1.587228223,13.99478742
-0.2,60,0.84262686,0.097979867,0,0.038431578,0,-4.60E-08,-2.17E-10,0.661860383,1.643618304,14.55656003
-0.1,60,0.855623419,0.099491095,0,0.039601993,0,-5.75E-08,-3.18E-10,0.675930807,1.67822007,14.90176693
0,60,0.86,0.1,0,0.04,0,-5.93E-08,-3.65E-10,0.680674092,1.689883789,15.01821248
0.1,60,0.855623419,0.099491095,0,0.039601993,0,-5.75E-08,-3.18E-10,0.675930807,1.67822007,14.90176693
0.2,60,0.84262686,0.097979867,0,0.038431578,0,-4.60E-08,-2.17E-10,0.661860383,1.643618304,14.55656003
0.3,60,0.821403138,0.095511993,0,0.036557247,0,-2.45E-08,-1.28E-10,0.638933521,1.587228223,13.99478742
0.4,60,0.792584985,0.092161045,0,0.034085752,0,-8.15E-09,-6.28E-11,0.607909898,1.510905921,13.2361426
0.5,60,0.757013713,0.08802485,0,0.031152031,0,-2.36E-09,-1.87E-11,0.569802694,1.417128005,12.30691256
0.6,60,0.715698451,0.08322075,0,0.027907053,0,-8.22E-10,-1.12E-12,0.525832414,1.30887959,11.23879547
0.7,60,0.669768673,0.077880078,0,0.024505056,0,-1.57E-10,6.16E-14,0.477373082,1.189523387,10.06751468
0.8,60,0.62042317,0.072142229,0,0.021091697,0,2.79E-14,1.92E-12,0.42589425,1.062657944,8.831310241
0.9,60,0.568878616,0.066148676,0,0.017794323,0,-6.69E-13,7.06E-11,0.372902442,0.931972802,7.569388596
1,60,0.516320815,0.060037304,0,0.014715178,0,1.23E-10,1.99E-09,0.319885397,0.801106453,6.320400059
1.1,60,0.463861238,0.053937353,0,0.011927891,0,4.37E-09,4.82E-08,0.268261853,0.673508114,5.120994773
1.2,60,0.412500951,0.047965227,0,0.00947711,0,1.17E-07,9.14E-07,0.219338057,0.552292757,4.004489271
1.3,60,0.363103345,0.042221319,0,0.007380781,0,2.18E-06,1.25E-05,0.174263272,0.440054463,2.999683965
1.4,60,0.316376319,0.036787944,0,0.005634337,0,2.65E-05,0.000117062,0.133925253,0.338580755,2.129961382
1.5,60,0.272863919,0.031728363,0,0.004215969,0,0.000198984,0.000708646,0.098622246,0.248559533,1.412907468
1.6,60,0.232946762,0.027086833,0,0.00309219,0,0.000896628,0.002704388,0.067756971,0.17006358,0.859944029
1.7,60,0.196850113,0.022889548,0,0.002223049,0,0.002417651,0.006494052,0.041160978,0.104714431,0.472649547
1.8,60,0.164658094,0.01914629,0,0.001566556,0,0.004117622,0.010301568,0.021031692,0.056405525,0.233892992
1.9,60,0.13633235,0.015852599,0,0.001082074,0,0.004977422,0.011990274,0.009072079,0.026584689,0.10584162
2,60,0.111733443,0.012992261,0,0.000732626,0,0.004875822,0.011537897,0.003478562,0.011250886,0.045021063
2.1,60,0.090643333,0.010539922,0,0.000486207,0,0.004273206,0.010034073,0.001256096,0.004425557,0.018526783
2.2,60,0.072787529,0.008463666,0,0.000316282,0,0.003542722,0.008292287,0.000444929,0.001669418,0.007549905
2.3,60,0.057855747,0.006727412,0,0.00020167,0,0.002852656,0.006668442,0.000158141,0.000618449,0.003095482
2.4,60,0.045520232,0.00529305,0,0.000126044,0,0.002256269,0.005271539,5.70E-05,0.000228567,0.00128868
2.5,60,0.035451192,0.004122232,0,7.72E-05,0,0.001760988,0.004113477,2.09E-05,8.50E-05,0.000547121
2.6,60,0.02732912,0.003177805,0,4.64E-05,0,0.001358766,0.003173642,7.75E-06,3.19E-05,0.000237237
2.7,60,0.020853976,0.002424881,0,2.73E-05,0,0.001037232,0.002422549,2.91E-06,1.21E-05,0.000105143
2.8,60,0.015751449,0.001831564,0,1.57E-05,0,0.000783575,0.001830079,1.11E-06,4.72E-06,4.80E-05
2.9,60,0.011776618,0.001369374,0,8.91E-06,0,0.000585884,0.001368351,4.44E-07,2.10E-06,2.41E-05
3,60,0.008715436,0.001013423,0,4.94E-06,0,0.0004336,0.001012686,2.30E-07,1.35E-06,1.65E-05
