"x","SVEIR_Synth_Data","Out_SVEIR_t0","Out_SVEIR_t6","Out_SVEIR_t12","Out_SVEIR_t18","Out_SVEIR_t24","Out_SVEIR_t30","Out_SVEIR_t36","Out_SVEIR_t42","Out_SVEIR_t48","Out_SVEIR_t54","Out_SVEIR_t60"
-3,0.00871543554807774,0.00871543554807774,0.00645603010750935,0.00478238613322059,0.00354262228315377,0.00262425114848116,0.00194395398532744,0.00144001326293782,0.0010667112820925,0.000790182054527776,0.000585338854597164,0.000433600220474359
-2.9,0.011776618264831,0.011776618264831,0.00872357942515703,0.0064620890735314,0.00478687958775452,0.00354594834358879,0.00262671099276873,0.0019457723932413,0.00144135711815328,0.00106770423255974,0.000790915667888477,0.000585883509409109
-2.8,0.0157514494443114,0.0157514494443114,0.0116677970457271,0.00864299695563809,0.00640238540713255,0.0047426335563792,0.00351315328878579,0.00260240110617902,0.00192775095140198,0.00142799659391976,0.00105779867289165,0.000783574877213755
-2.7,0.0208539761801183,0.0208539761801183,0.0154471054143964,0.0114424014356579,0.00847598042202275,0.00627859699980787,0.00465087124585738,0.00344512361046238,0.00255196086247804,0.00189034863718006,0.00140025955569059,0.00103723209254447
-2.6,0.0273291199190486,0.0273291199190486,0.0202426307011997,0.0149943249557932,0.011106823315026,0.00822718217720265,0.00609409508823534,0.00451402242139252,0.00334360046146478,0.00247662994004359,0.00183444157909812,0.00135876576425356
-2.5,0.0354511920640582,0.0354511920640582,0.0262569506570804,0.0194484781146083,0.0144054975121171,0.0106699971154667,0.00790298299307907,0.00585338796298098,0.00433523218420483,0.00321074346819395,0.00237786111163759,0.00176098789453487
-2.4,0.0455202316621295,0.0455202316621295,0.0337110900144276,0.0249677769523648,0.0184918693200085,0.0136949866195071,0.0101418314041086,0.00751002766747918,0.00556075981129418,0.00411710001241667,0.00304796936667532,0.00225626877602862
-2.3,0.0578557473226357,0.0578557473226357,0.0428393539051137,0.0317239492768087,0.0234910898317046,0.0173925693869821,0.0128752002481036,0.00952932092990944,0.00705141703987049,0.00521658332219746,0.00385815837707023,0.00285265613048595
-2.2,0.072787528895353,0.072787528895353,0.0538815895216022,0.039890583329469,0.0295266628643953,0.0218481698661739,0.0161595920621577,0.0119459469821747,0.00882562431195132,0.00651575085007924,0.00480661120104316,0.00354272203929615
-2.1,0.0906433331232033,0.0906433331232033,0.067072480227333,0.0496326448332044,0.0367085152760842,0.0271274860856304,0.0200250551324801,0.0147615404133414,0.0108630077562895,0.00797807351356143,0.0058460267591823,0.0042732060058677
-2,0.111733443142351,0.111733443142351,0.0826275061472063,0.061090897311929,0.0451120236176929,0.033246536693392,0.0244337260027218,0.0178909821648828,0.0130399722527437,0.00945260019364762,0.00681065428099675,0.00487582228893638
-1.9,0.136332349988948,0.136332349988948,0.100725258684998,0.074358666000108,0.054740250125358,0.0401101322161672,0.029188292714808,0.0210414481152985,0.0149893887420938,0.0105322876068984,0.00729310529107011,0.00497742180872392
-1.8,0.164658093723687,0.164658093723687,0.121485902112162,0.0894469055317311,0.0654556221833375,0.0473894821540148,0.0337480033537759,0.0234892395857471,0.0158940600369884,0.0104294886414128,0.00664183143737816,0.00411762216650858
-1.7,0.196850113373711,0.196850113373711,0.14494580303563,0.106231801294108,0.0768603186540528,0.0543033790196288,0.0369441968952247,0.0238727883956509,0.0145414312481461,0.00836388949292062,0.00458219259079015,0.00241765126118716
-1.6,0.232946762484599,0.232946762484599,0.171028831959519,0.124378328079836,0.0881059804201606,0.0593228133115814,0.0368444532336773,0.0206481366058256,0.0104375525322815,0.00485083532785814,0.00212523665499295,0.000896628230480528
-1.5,0.272863918963346,0.272863918963346,0.199515788989643,0.143236571633363,0.0976531877102719,0.060073426501783,0.0316048422966105,0.0139696825561253,0.00535116444648943,0.0018671485918084,0.000617956476248094,0.00019898412724124
-1.4,0.31637631940744,0.31637631940744,0.230015064884198,0.161721837316718,0.103138721789632,0.0541911308472381,0.0218278237501595,0.00690078868391355,0.00186636316444438,0.000465644055649149,0.000111909160749175,2.64715730839505e-05
-1.3,0.363103345207809,0.363103345207809,0.261940163568853,0.178223602888435,0.101761141282024,0.0416332691829559,0.0115653532240882,0.00243733886822548,0.000446746637123236,7.72027764944067e-05,1.30351927051269e-05,2.17787759328832e-06
-1.2,0.412500951193838,0.412500951193838,0.294502827842917,0.190643418364216,0.0916576970628932,0.0263264952767106,0.00466579215106677,0.000632249728497018,7.67473646309072e-05,8.97190165876384e-06,1.0350640608203e-06,1.16631085839022e-07
-1.1,0.463861237539128,0.463861237539128,0.326733152264461,0.196705051840019,0.0738526990350485,0.0136069499872171,0.00147902704333214,0.000127003189180478,1.00930235852679e-05,7.92556588981429e-07,6.19322530319849e-08,4.3664256867685e-09
-1,0.516320815430628,0.516320815430628,0.357538063224532,0.194620303114401,0.052732991780041,0.0058845760845939,0.000388278189063551,2.10934811786104e-05,1.10989822568757e-06,6.1357916569185e-08,3.4172673676589e-09,1.22541127995204e-10
-0.9,0.568878616229437,0.568878616229437,0.38580405719164,0.183939971531054,0.0336098584691392,0.00222449976525944,8.96379959246153e-05,3.13211845850885e-06,1.15175484468275e-07,5.49055411622397e-09,1.7559049233081e-10,-6.68973916544102e-13
-0.8,0.62042316970509,0.62042316970509,0.410537356320212,0.166084293343532,0.0195763343341517,0.000774295871255746,1.93754128020559e-05,4.56036369250044e-07,1.45147747124403e-08,6.9125894632844e-11,6.74690303123431e-11,2.78824320678866e-14
-0.7,0.669768673441408,0.669768673441408,0.431016770522972,0.144042705134234,0.0107835006629898,0.000261773526671483,4.18288699853415e-06,7.07404874662391e-08,5.13208917872222e-09,1.22662334000098e-09,1.47822402824542e-09,-1.56627724251115e-10
-0.6,0.715698450593659,0.715698450593659,0.446919190812862,0.121301086827069,0.00583847848897048,9.05322460734355e-05,9.63243710634119e-07,1.13644542277395e-08,4.41720461331808e-09,6.0646208445612e-09,3.59273623984985e-09,-8.22184101967664e-10
-0.5,0.757013713483482,0.757013713483482,0.45837533979419,0.100688589388482,0.00322785255625797,3.36310951617681e-05,2.52389532417581e-07,-5.07557206462393e-11,6.23163874722637e-09,9.01254586239082e-09,6.09243989158816e-09,-2.35743468797271e-09
-0.4,0.792584984676043,0.792584984676043,0.465930191929361,0.0838110035011469,0.00188705005591775,1.40282737950396e-05,7.98261620854569e-08,-4.62846110689733e-09,1.29749882075006e-08,1.55487442898129e-08,1.41346289634548e-08,-8.1458798447006e-09
-0.3,0.821403138064612,0.821403138064612,0.470412978379265,0.0711618498259831,0.00120236432893039,6.826332803335e-06,3.19343307041587e-08,-8.76946471159596e-09,2.42674603615879e-08,5.0054239491198e-08,3.11509450436604e-08,-2.45017843757256e-08
-0.2,0.842626859514186,0.842626859514186,0.472750718803312,0.0625696002612435,0.00085568961875198,3.99473704272023e-06,1.65592333369648e-08,-1.26235099109837e-08,3.54139355137372e-08,1.2279170239173e-07,4.84788296721495e-08,-4.59555482192055e-08
-0.0999999999999996,0.855623419138882,0.855623419138882,0.473772478185466,0.0576379953662306,0.00069258304228325,2.87240047078728e-06,1.11643460110684e-08,-1.52742265053134e-08,4.2182824709212e-08,2.00067972379733e-07,5.64198108090012e-08,-5.75153045101924e-08
0,0.86,0.86,0.474045991260272,0.0560354838591706,0.000644638330255969,2.56983675102101e-06,9.78373774085593e-09,-1.61918935542516e-08,4.41932528172928e-08,2.32807553803508e-07,5.75810570082504e-08,-5.93142354380876e-08
0.1,0.855623419138882,0.855623419138882,0.473772478185466,0.0576379953662306,0.00069258304228325,2.87240047078729e-06,1.11643460110689e-08,-1.52742265053135e-08,4.21828247092149e-08,2.00067972379718e-07,5.64198108090064e-08,-5.75153045101981e-08
0.2,0.842626859514186,0.842626859514186,0.472750718803312,0.0625696002612436,0.00085568961875198,3.99473704272024e-06,1.65592333369652e-08,-1.26235099109875e-08,3.54139355137489e-08,1.22791702391759e-07,4.84788296721655e-08,-4.59555482192207e-08
0.3,0.821403138064612,0.821403138064612,0.470412978379265,0.0711618498259832,0.00120236432893039,6.82633280333502e-06,3.19343307041586e-08,-8.76946471159127e-09,2.42674603615747e-08,5.00542394911789e-08,3.11509450436439e-08,-2.45017843757127e-08
0.4,0.792584984676043,0.792584984676043,0.465930191929361,0.083811003501147,0.00188705005591776,1.40282737950397e-05,7.98261620854575e-08,-4.62846110689278e-09,1.29749882074898e-08,1.55487442898062e-08,1.41346289634437e-08,-8.14587984469429e-09
0.5,0.757013713483482,0.757013713483482,0.45837533979419,0.100688589388482,0.00322785255625798,3.36310951617681e-05,2.52389532417581e-07,-5.07557206457667e-11,6.23163874722523e-09,9.01254586239416e-09,6.09243989158791e-09,-2.35743468797269e-09
0.6,0.715698450593659,0.715698450593659,0.446919190812862,0.121301086827069,0.0058384784889705,9.0532246073436e-05,9.63243710634124e-07,1.13644542277423e-08,4.41720461331393e-09,6.064620844569e-09,3.5927362398495e-09,-8.22184101967714e-10
0.7,0.669768673441408,0.669768673441408,0.431016770522972,0.144042705134234,0.0107835006629898,0.000261773526671484,4.18288699853417e-06,7.0740487466238e-08,5.13208917872373e-09,1.22662333999903e-09,1.47822402824541e-09,-1.56627724251095e-10
0.8,0.62042316970509,0.62042316970509,0.410537356320212,0.166084293343533,0.0195763343341518,0.000774295871255748,1.93754128020559e-05,4.56036369250046e-07,1.45147747124405e-08,6.91258946340936e-11,6.74690303127882e-11,2.78824320464185e-14
0.9,0.568878616229437,0.568878616229437,0.385804057191641,0.183939971531054,0.0336098584691392,0.00222449976525944,8.96379959246155e-05,3.13211845850886e-06,1.15175484468276e-07,5.4905541162231e-09,1.75590492330665e-10,-6.68973916543169e-13
1,0.516320815430628,0.516320815430628,0.357538063224532,0.194620303114401,0.052732991780041,0.0058845760845939,0.000388278189063552,2.10934811786105e-05,1.10989822568757e-06,6.1357916569186e-08,3.41726736765905e-09,1.22541127995209e-10
1.1,0.463861237539128,0.463861237539128,0.326733152264461,0.196705051840019,0.0738526990350486,0.0136069499872171,0.00147902704333215,0.000127003189180479,1.0093023585268e-05,7.92556588981434e-07,6.19322530319853e-08,4.36642568676853e-09
1.2,0.412500951193838,0.412500951193838,0.294502827842917,0.190643418364216,0.0916576970628933,0.0263264952767106,0.00466579215106678,0.00063224972849702,7.67473646309074e-05,8.97190165876387e-06,1.0350640608203e-06,1.16631085839022e-07
1.3,0.363103345207809,0.363103345207809,0.261940163568853,0.178223602888435,0.101761141282024,0.0416332691829559,0.0115653532240882,0.00243733886822549,0.000446746637123238,7.7202776494407e-05,1.30351927051269e-05,2.17787759328833e-06
1.4,0.31637631940744,0.31637631940744,0.230015064884198,0.161721837316718,0.103138721789632,0.0541911308472381,0.0218278237501595,0.00690078868391356,0.00186636316444438,0.00046564405564915,0.000111909160749176,2.64715730839506e-05
1.5,0.272863918963346,0.272863918963346,0.199515788989643,0.143236571633363,0.0976531877102719,0.060073426501783,0.0316048422966105,0.0139696825561253,0.00535116444648944,0.00186714859180841,0.000617956476248096,0.00019898412724124
1.6,0.232946762484598,0.232946762484598,0.171028831959519,0.124378328079836,0.0881059804201606,0.0593228133115813,0.0368444532336773,0.0206481366058256,0.0104375525322815,0.00485083532785814,0.00212523665499296,0.000896628230480531
1.7,0.196850113373711,0.196850113373711,0.14494580303563,0.106231801294108,0.0768603186540528,0.0543033790196288,0.0369441968952247,0.0238727883956509,0.0145414312481461,0.00836388949292063,0.00458219259079016,0.00241765126118717
1.8,0.164658093723686,0.164658093723686,0.121485902112161,0.0894469055317309,0.0654556221833374,0.0473894821540147,0.0337480033537758,0.023489239585747,0.0158940600369884,0.0104294886414128,0.00664183143737816,0.00411762216650859
1.9,0.136332349988948,0.136332349988948,0.100725258684998,0.0743586660001079,0.054740250125358,0.0401101322161672,0.029188292714808,0.0210414481152985,0.0149893887420938,0.0105322876068984,0.00729310529107011,0.00497742180872393
2,0.111733443142351,0.111733443142351,0.0826275061472063,0.061090897311929,0.045112023617693,0.033246536693392,0.0244337260027219,0.0178909821648828,0.0130399722527437,0.00945260019364763,0.00681065428099676,0.00487582228893638
2.1,0.0906433331232032,0.0906433331232032,0.0670724802273329,0.0496326448332044,0.0367085152760842,0.0271274860856304,0.0200250551324801,0.0147615404133413,0.0108630077562895,0.00797807351356143,0.0058460267591823,0.0042732060058677
2.2,0.072787528895353,0.072787528895353,0.0538815895216022,0.039890583329469,0.0295266628643953,0.0218481698661739,0.0161595920621577,0.0119459469821747,0.00882562431195131,0.00651575085007923,0.00480661120104316,0.00354272203929615
2.3,0.0578557473226356,0.0578557473226356,0.0428393539051136,0.0317239492768086,0.0234910898317046,0.0173925693869821,0.0128752002481035,0.00952932092990941,0.00705141703987047,0.00521658332219744,0.00385815837707022,0.00285265613048594
2.4,0.0455202316621295,0.0455202316621295,0.0337110900144276,0.0249677769523648,0.0184918693200085,0.0136949866195071,0.0101418314041086,0.00751002766747917,0.00556075981129418,0.00411710001241667,0.00304796936667532,0.00225626877602862
2.5,0.0354511920640582,0.0354511920640582,0.0262569506570804,0.0194484781146083,0.0144054975121171,0.0106699971154667,0.00790298299307907,0.00585338796298098,0.00433523218420483,0.00321074346819395,0.00237786111163759,0.00176098789453487
2.6,0.0273291199190486,0.0273291199190486,0.0202426307011996,0.0149943249557932,0.011106823315026,0.00822718217720265,0.00609409508823534,0.00451402242139251,0.00334360046146477,0.00247662994004358,0.00183444157909811,0.00135876576425355
2.7,0.0208539761801183,0.0208539761801183,0.0154471054143964,0.0114424014356579,0.00847598042202275,0.00627859699980787,0.00465087124585738,0.00344512361046238,0.00255196086247804,0.00189034863718006,0.00140025955569059,0.00103723209254447
2.8,0.0157514494443114,0.0157514494443114,0.0116677970457271,0.00864299695563808,0.00640238540713254,0.00474263355637919,0.00351315328878578,0.00260240110617902,0.00192775095140198,0.00142799659391976,0.00105779867289165,0.000783574877213753
2.9,0.011776618264831,0.011776618264831,0.00872357942515703,0.0064620890735314,0.00478687958775452,0.00354594834358879,0.00262671099276873,0.0019457723932413,0.00144135711815328,0.00106770423255974,0.000790915667888477,0.000585883509409109
3,0.00871543554807774,0.00871543554807774,0.00645603010750935,0.00478238613322059,0.00354262228315377,0.00262425114848116,0.00194395398532744,0.00144001326293782,0.0010667112820925,0.000790182054527776,0.000585338854597164,0.000433600220474359
-3,0.00101342273814857,0.00101342273814857,0.00101334179895336,0.00101326648677425,0.00101319353223592,0.00101312128809164,0.00101304913953529,0.00101297687232541,0.00101290441640851,0.00101283175066724,0.00101275886902048,0.00101268576884187
-2.9,0.00136937421684081,0.00136937421684081,0.00136925823807419,0.00136915400299748,0.00136905358481894,0.00136895413857037,0.00136885467036358,0.00136875484930648,0.00136865457302761,0.0013685538139658,0.00136845256612922,0.00136835082718379
-2.8,0.00183156388887342,0.00183156388887342,0.00183138683172961,0.00183123706930903,0.00183109475731689,0.00183095360742452,0.00183081162740659,0.00183066821542429,0.00183052321685894,0.00183037661437561,0.0018302284246972,0.00183007866337991
-2.7,0.00242488095117655,0.00242488095117655,0.00242459576218143,0.00242437023931465,0.0024241582758456,0.0024239458287481,0.00242372862628248,0.00242350540657576,0.00242327583581155,0.00242303985013514,0.00242279743690819,0.00242254855586255
-2.6,0.00317780464174984,0.00317780464174984,0.00317731941630116,0.00317695736138173,0.00317661495271681,0.0031762614422017,0.00317588734220344,0.00317548951449594,0.00317506674511362,0.00317461835934776,0.00317414373799343,0.00317364212777546
-2.5,0.00412223163535561,0.00412223163535561,0.00412136424221187,0.0041207355022285,0.00412011799897112,0.00411944426611908,0.00411869134474974,0.00411784922949575,0.00411691183380264,0.00411587411836725,0.0041147310014874,0.00411347695189456
-2.4,0.00529305019327087,0.00529305019327087,0.0052914417217303,0.00529025893726696,0.00528900910869594,0.00528753886963204,0.0052857840346859,0.00528370555971514,0.00528127188952583,0.00527845319605491,0.00527521924506083,0.00527153924833617
-2.3,0.00672741247937624,0.00672741247937624,0.00672436574458528,0.00672198854242757,0.0067192164983344,0.00671567540755068,0.00671115802586218,0.00670550033308516,0.00669854948415714,0.00669015438989025,0.00668016561976122,0.0066684419490773
-2.2,0.00846366615062244,0.00846366615062244,0.00845785259750225,0.00845285932113845,0.00844636337704041,0.00843736684154683,0.00842514286988223,0.00840901261994253,0.00838829997088422,0.00836233730480694,0.00833050507394916,0.00829228660662679
-2.1,0.0105399224561864,0.0105399224561864,0.0105288653490504,0.01051813786547,0.0105025524770867,0.0104792417639203,0.0104456185234306,0.0103990313204783,0.0103367982277321,0.0102564199133067,0.0101559105712612,0.0100340732188276
-2,0.0129922608305059,0.0129922608305059,0.012971450849645,0.0129482706365962,0.0129107815873362,0.0128504332761009,0.0127583138363767,0.012624956306421,0.0124412699888617,0.0122002433693701,0.0118986828528288,0.0115378969226917
-1.9,0.0158525988359242,0.0158525988359242,0.0158140278802019,0.0157642357257514,0.0156749849680449,0.015520877323812,0.0152732677284564,0.0149028314570456,0.0143867562071783,0.0137177992035736,0.0129089783746744,0.0119902736411713
-1.8,0.0191462899678706,0.0191462899678706,0.0190761030126289,0.0189706274799971,0.0187621116205564,0.0183780648696517,0.0177364160919976,0.0167680010642186,0.0154549385206842,0.0138563628972726,0.0120928369262011,0.0103015680061242
-1.7,0.0228895480667106,0.0228895480667106,0.0227644259673831,0.0225453644638044,0.0220707294858106,0.0211487874464059,0.0195879752153948,0.0173207826703204,0.0145230446399683,0.0115647085287872,0.00881433089242925,0.00649405198211346
-1.6,0.0270868328470464,0.0270868328470464,0.0268686670358431,0.0264247275949133,0.0253805889541265,0.0232891177661697,0.0198721625003288,0.0154582241534685,0.0109587421402026,0.00720296740360599,0.00448951347136477,0.00270438810088079
-1.5,0.0317283626701565,0.0317283626701565,0.0313568343385228,0.0304830033665341,0.0282867861797855,0.0239296705847184,0.0175856169352839,0.0110484658993617,0.00610226198147989,0.00309892344622184,0.00150063506280848,0.00070864596573409
-1.4,0.0367879441171442,0.0367879441171442,0.0361708827710689,0.0345085593623322,0.0301558270997437,0.0221352253932807,0.012791272736493,0.00594381856663626,0.00240006380587513,0.000901286880023503,0.000327225956499553,0.000117062073693366
-1.3,0.0422213192102104,0.0422213192102104,0.0412233203230087,0.0381844359780487,0.0302063449824375,0.0177022147040123,0.00732195983565388,0.00236198065002893,0.000672046336157812,0.000181282150469967,4.78700807630527e-05,1.254528900911e-05
-1.2,0.0479652268830044,0.0479652268830044,0.0463960575241908,0.041091957802291,0.0278462082459021,0.0118692474072737,0.00327611447108295,0.000710263066228677,0.000139346246053624,2.63509169661143e-05,4.91813743112939e-06,9.13525203146167e-07
-1.1,0.0539373532022242,0.0539373532022242,0.0515431259211149,0.0427649089398379,0.0231974476996434,0.00663054100213395,0.00117876755272417,0.000169395138169247,2.25585725383305e-05,2.932662125842e-06,3.78257449540504e-07,4.81507040097035e-08
-1,0.0600373041198404,0.0600373041198404,0.0564989121426488,0.0428130530925512,0.0173156144333703,0.00315185236209841,0.000357585647418728,3.38827756275289e-05,3.03809783448616e-06,2.69977165442356e-07,2.39107925026822e-08,1.99055261625442e-09
-0.9,0.0661486763057485,0.0661486763057485,0.0610928167352461,0.0410889965713854,0.0116571973472038,0.00132604478249361,9.65037910544082e-05,6.04507473918093e-06,3.68347646819988e-07,2.30318713549753e-08,1.44520940370456e-09,7.06349794863762e-11
-0.8,0.0721422290354756,0.0721422290354756,0.0651694879105948,0.0378076529945914,0.00722937120393236,0.000517417059099768,2.44902649951191e-05,1.03044516727968e-06,4.43922743241424e-08,2.19573254728757e-09,1.04783533359342e-10,1.91785198749418e-12
-0.7,0.0778800783071405,0.0778800783071405,0.0686112544273492,0.0335158167993308,0.00425943159788758,0.000196429757071439,6.1807639352832e-06,1.81105268784201e-07,6.04701484617048e-09,2.26438340479985e-10,-3.8071261289374e-12,6.16437523194595e-14
-0.6,0.0832207500690301,0.0832207500690301,0.0713571150448695,0.0289045414192719,0.00246841381301367,7.59948050552819e-05,1.64017467725708e-06,3.53925216455085e-08,1.27761126879324e-09,-4.74350238724587e-11,3.64021629800995e-11,-1.12354544844532e-12
-0.5,0.088024850405056,0.088024850405056,0.0734121143649121,0.0245814144023286,0.00145613803297774,3.12952842716948e-05,4.82992700056635e-07,8.11294731085564e-09,6.50606035922070e-10,1.12845904753104e-10,1.82602463757067e-10,-1.86942277819054e-11
-0.4,0.0921610447297725,0.0921610447297725,0.0748430829251673,0.0209357831604573,0.000902336687301648,1.42724261236842e-05,1.65857051978754e-07,2.17928755134902e-09,5.69643137549483e-10,4.28370449416198e-10,3.47412240814593e-10,-6.27663293319572e-11
-0.3,0.0955119927982107,0.0955119927982107,0.0757609481904045,0.0181339159359072,0.000603579786966009,7.46114118621348e-06,6.92897793376777e-08,5.9576093493553e-10,6.32660664813847e-10,6.07275481158725e-10,4.89638816494814e-10,-1.28070720955823e-10
-0.2,0.0979798673853705,0.0979798673853705,0.076294104940931,0.0161921382097782,0.000445539075677911,4.59819989214129e-06,3.63818654195148e-08,4.69956437648017e-11,7.99862463366138e-10,6.26894201157224e-10,6.56176421388062e-10,-2.17464039915213e-10
-0.0999999999999996,0.0994910952487073,0.0994910952487073,0.0765595968682017,0.0150619158033171,0.000368881260683117,3.41045516940255e-06,2.45325454092946e-08,-1.84170386473146e-10,9.81713574427056e-10,6.29484967625509e-10,8.34367518280241e-10,-3.17688689699095e-10
0,0.1,0.1,0.0766384689321849,0.014691995644934,0.00034599287739412,3.08278401075223e-06,2.1488198566698e-08,-2.52967935681516e-10,1.05997976694235e-09,6.41937804616825e-10,9.15575791560348e-10,-3.65333240070114e-10
0.1,0.0994910952487073,0.0994910952487073,0.0765595968682017,0.0150619158033171,0.000368881260683117,3.41045516940256e-06,2.45325454092947e-08,-1.84170386473134e-10,9.8171357442706e-10,6.2948496762522e-10,8.34367518280195e-10,-3.1768868969907e-10
0.2,0.0979798673853704,0.0979798673853704,0.076294104940931,0.0161921382097782,0.000445539075677911,4.5981998921413e-06,3.6381865419515e-08,4.69956437646814e-11,7.9986246336639e-10,6.26894201156682e-10,6.56176421388129e-10,-2.17464039915223e-10
0.3,0.0955119927982107,0.0955119927982107,0.0757609481904045,0.0181339159359073,0.000603579786966011,7.46114118621351e-06,6.9289779337678e-08,5.95760934935509e-10,6.32660664813882e-10,6.07275481158862e-10,4.89638816494865e-10,-1.28070720955837e-10
0.4,0.0921610447297725,0.0921610447297725,0.0748430829251673,0.0209357831604573,0.000902336687301651,1.42724261236843e-05,1.65857051978755e-07,2.17928755134922e-09,5.69643137549241e-10,4.28370449416989e-10,3.4741224081468e-10,-6.27663293319825e-11
0.5,0.088024850405056,0.088024850405056,0.0734121143649121,0.0245814144023286,0.00145613803297774,3.12952842716949e-05,4.82992700056637e-07,8.11294731085574e-09,6.50606035922001e-10,1.12845904753214e-10,1.82602463757074e-10,-1.86942277819071e-11
0.6,0.0832207500690301,0.0832207500690301,0.0713571150448695,0.0289045414192719,0.00246841381301367,7.59948050552821e-05,1.64017467725709e-06,3.53925216455088e-08,1.27761126879309e-09,-4.74350238722453e-11,3.64021629801262e-11,-1.1235454484478e-12
0.7,0.0778800783071405,0.0778800783071405,0.0686112544273492,0.0335158167993308,0.00425943159788759,0.000196429757071439,6.18076393528323e-06,1.81105268784202e-07,6.04701484617078e-09,2.26438340479647e-10,-3.80712612900509e-12,6.16437523210068e-14
0.8,0.0721422290354756,0.0721422290354756,0.0651694879105948,0.0378076529945914,0.00722937120393238,0.000517417059099769,2.44902649951191e-05,1.03044516727968e-06,4.43922743241427e-08,2.19573254728747e-09,1.04783533359335e-10,1.9178519874942e-12
0.9,0.0661486763057485,0.0661486763057485,0.0610928167352461,0.0410889965713854,0.0116571973472038,0.00132604478249361,9.65037910544083e-05,6.04507473918094e-06,3.68347646819988e-07,2.30318713549752e-08,1.44520940370456e-09,7.06349794863757e-11
1,0.0600373041198404,0.0600373041198404,0.0564989121426488,0.0428130530925512,0.0173156144333703,0.00315185236209841,0.000357585647418729,3.3882775627529e-05,3.03809783448617e-06,2.69977165442357e-07,2.39107925026823e-08,1.99055261625443e-09
1.1,0.0539373532022241,0.0539373532022241,0.0515431259211148,0.0427649089398379,0.0231974476996434,0.00663054100213397,0.00117876755272418,0.000169395138169248,2.25585725383306e-05,2.93266212584202e-06,3.78257449540506e-07,4.81507040097039e-08
1.2,0.0479652268830044,0.0479652268830044,0.0463960575241908,0.041091957802291,0.0278462082459021,0.0118692474072737,0.00327611447108295,0.000710263066228678,0.000139346246053624,2.63509169661144e-05,4.91813743112941e-06,9.13525203146169e-07
1.3,0.0422213192102104,0.0422213192102104,0.0412233203230087,0.0381844359780487,0.0302063449824375,0.0177022147040123,0.00732195983565388,0.00236198065002893,0.000672046336157814,0.000181282150469967,4.78700807630529e-05,1.254528900911e-05
1.4,0.0367879441171442,0.0367879441171442,0.0361708827710689,0.0345085593623322,0.0301558270997437,0.0221352253932807,0.012791272736493,0.00594381856663626,0.00240006380587513,0.000901286880023504,0.000327225956499553,0.000117062073693367
1.5,0.0317283626701565,0.0317283626701565,0.0313568343385228,0.0304830033665341,0.0282867861797855,0.0239296705847184,0.0175856169352839,0.0110484658993617,0.0061022619814799,0.00309892344622185,0.00150063506280849,0.000708645965734092
1.6,0.0270868328470463,0.0270868328470463,0.026868667035843,0.0264247275949133,0.0253805889541265,0.0232891177661697,0.0198721625003288,0.0154582241534686,0.0109587421402026,0.00720296740360601,0.00448951347136479,0.0027043881008808
1.7,0.0228895480667106,0.0228895480667106,0.0227644259673831,0.0225453644638044,0.0220707294858106,0.0211487874464059,0.0195879752153948,0.0173207826703204,0.0145230446399683,0.0115647085287872,0.00881433089242927,0.00649405198211347
1.8,0.0191462899678705,0.0191462899678705,0.0190761030126289,0.0189706274799971,0.0187621116205563,0.0183780648696516,0.0177364160919976,0.0167680010642186,0.0154549385206841,0.0138563628972726,0.0120928369262011,0.0103015680061242
1.9,0.0158525988359242,0.0158525988359242,0.0158140278802019,0.0157642357257514,0.0156749849680448,0.015520877323812,0.0152732677284564,0.0149028314570456,0.0143867562071783,0.0137177992035736,0.0129089783746744,0.0119902736411713
2,0.0129922608305059,0.0129922608305059,0.012971450849645,0.0129482706365962,0.0129107815873362,0.0128504332761009,0.0127583138363767,0.012624956306421,0.0124412699888617,0.0122002433693701,0.0118986828528288,0.0115378969226918
2.1,0.0105399224561864,0.0105399224561864,0.0105288653490504,0.0105181378654699,0.0105025524770867,0.0104792417639203,0.0104456185234306,0.0103990313204783,0.0103367982277321,0.0102564199133066,0.0101559105712612,0.0100340732188276
2.2,0.00846366615062244,0.00846366615062244,0.00845785259750225,0.00845285932113845,0.00844636337704041,0.00843736684154683,0.00842514286988223,0.00840901261994253,0.00838829997088422,0.00836233730480694,0.00833050507394916,0.00829228660662679
2.3,0.00672741247937623,0.00672741247937623,0.00672436574458526,0.00672198854242756,0.00671921649833439,0.00671567540755067,0.00671115802586217,0.00670550033308515,0.00669854948415712,0.00669015438989023,0.0066801656197612,0.00666844194907729
2.4,0.00529305019327087,0.00529305019327087,0.00529144172173029,0.00529025893726696,0.00528900910869593,0.00528753886963204,0.0052857840346859,0.00528370555971514,0.00528127188952582,0.00527845319605491,0.00527521924506083,0.00527153924833617
2.5,0.00412223163535561,0.00412223163535561,0.00412136424221187,0.0041207355022285,0.00412011799897112,0.00411944426611908,0.00411869134474974,0.00411784922949575,0.00411691183380264,0.00411587411836725,0.0041147310014874,0.00411347695189456
2.6,0.00317780464174983,0.00317780464174983,0.00317731941630116,0.00317695736138172,0.00317661495271681,0.0031762614422017,0.00317588734220344,0.00317548951449594,0.00317506674511362,0.00317461835934775,0.00317414373799342,0.00317364212777546
2.7,0.00242488095117655,0.00242488095117655,0.00242459576218143,0.00242437023931465,0.0024241582758456,0.0024239458287481,0.00242372862628248,0.00242350540657576,0.00242327583581155,0.00242303985013514,0.00242279743690819,0.00242254855586255
2.8,0.00183156388887341,0.00183156388887341,0.0018313868317296,0.00183123706930903,0.00183109475731689,0.00183095360742452,0.00183081162740659,0.00183066821542428,0.00183052321685894,0.00183037661437561,0.0018302284246972,0.00183007866337991
2.9,0.00136937421684081,0.00136937421684081,0.00136925823807419,0.00136915400299748,0.00136905358481894,0.00136895413857037,0.00136885467036358,0.00136875484930648,0.00136865457302761,0.0013685538139658,0.00136845256612922,0.00136835082718379
3,0.00101342273814857,0.00101342273814857,0.00101334179895336,0.00101326648677425,0.00101319353223592,0.00101312128809164,0.00101304913953529,0.00101297687232541,0.00101290441640851,0.00101283175066724,0.00101275886902048,0.00101268576884187
-3,0,0,1.08965477395609e-07,1.52251566012543e-07,1.72579076679145e-07,1.85429570079596e-07,1.95375022367442e-07,2.03828311413199e-07,2.11318986279697e-07,2.18121704566129e-07,2.24425024801696e-07,2.30376879410215e-07
-2.9,0,0,2.10484231477387e-07,2.86754489191723e-07,3.24418907223437e-07,3.49738138702668e-07,3.70066578599884e-07,3.87652838679219e-07,4.03377580452866e-07,4.17736511936334e-07,4.31093026928051e-07,4.43742857716285e-07
-2.8,0,0,4.88871756644328e-07,6.65270407236014e-07,7.59974014510238e-07,8.29255901676445e-07,8.87568336316832e-07,9.39192097412073e-07,9.85923411335219e-07,1.0289167119864e-06,1.06910733213588e-06,1.10730131703854e-06
-2.7,0,0,1.12613424420864e-06,1.55503210711602e-06,1.8106587024703e-06,2.01355818824652e-06,2.19245489086168e-06,2.35542595176091e-06,2.50609625385461e-06,2.6471858834087e-06,2.78118277008744e-06,2.91040718610608e-06
-2.6,0,0,2.52605597610514e-06,3.56361082359236e-06,4.25536787851466e-06,4.8474103165154e-06,5.39287612453928e-06,5.90504824726409e-06,6.39030058034499e-06,6.85462371739553e-06,7.30445840588757e-06,7.74644390448125e-06
-2.5,0,0,5.51547600342788e-06,7.9953885043278e-06,9.84779471921835e-06,1.1549229348656e-05,1.31866525916277e-05,1.4775103780826e-05,1.63223583204699e-05,1.78402864440571e-05,1.9345131599776e-05,2.08557799933314e-05
-2.4,0,0,1.1728266594857e-05,1.75809618984585e-05,2.24728849208809e-05,2.72800918233243e-05,3.21182879863333e-05,3.698208873967e-05,4.18693809919171e-05,4.68007924827356e-05,5.18169003251152e-05,5.69708562730294e-05
-2.3,0,0,2.43009931460943e-05,3.79318021002766e-05,5.06483412105797e-05,6.3997759402177e-05,7.80789556496047e-05,9.27959416703376e-05,0.000108098427301568,0.000124017620356249,0.000140652061306222,0.000158140716768907
-2.2,0,0,4.90880193507274e-05,8.03839129021637e-05,0.00011287435222297,0.000149303599380378,0.000189679803286741,0.000233675861204835,0.000281106255856601,0.000331995520954253,0.00038652056056163,0.000444928646570673
-2.1,0,0,9.67145985242275e-05,0.000167450797097699,0.000248930231624643,0.000346565723913646,0.000460515774721398,0.000590136682540563,0.000734895175086153,0.000894429510135324,0.00106834474763054,0.0012560960865805
-2,0,0,0.000185927579098831,0.00034305412066418,0.000543319512353669,0.000799931954718745,0.00111544516906603,0.00148926633864995,0.00191877513745505,0.00239887591465135,0.00292187345255693,0.00347856167596073
-1.9,0,0,0.000348859275076366,0.000691212637507045,0.00117271010762447,0.00183196615222758,0.00268295162260824,0.00372294467306052,0.00492968999981016,0.006260399786917,0.00765955825648789,0.00907207858911757
-1.8,0,0,0.00063894258942114,0.00136903009948098,0.00249825537957366,0.00414355269783389,0.00634790630988241,0.00906083536484418,0.0121185706392679,0.0152787350067563,0.0183043791993875,0.0210316924415978
-1.7,0,0,0.0011421995978276,0.00266228606769034,0.00523422032778174,0.00917906723905594,0.0145234536155232,0.020836003268911,0.02728771646809,0.0330562002602222,0.0376950868647937,0.0411609775124678
-1.6,0,0,0.00199228353153461,0.00507312743822612,0.0107235305108833,0.0196421690958026,0.0312626753841437,0.0434041509877887,0.0535865207862604,0.0607277522671886,0.0651715569564645,0.0677569712739073
-1.5,0,0,0.00338870530502765,0.00944502184306014,0.0212970024617893,0.0397669408007525,0.0610834797874,0.0786839370529391,0.0895266776206846,0.095015095317092,0.0975223996863137,0.0986222457879784
-1.4,0,0,0.00561579801048628,0.0171116917534835,0.0405030629334376,0.0741842347499855,0.104967925225128,0.122786992790891,0.130198963855817,0.132794275833867,0.13364744672167,0.133925252886768
-1.3,0,0,0.00905697696034327,0.0300126583694486,0.0726365900649608,0.124411771603328,0.157609560547786,0.169909389830258,0.173235220443875,0.174032169821151,0.174218912498003,0.17426327168712
-1.2,0,0,0.0141950438863323,0.0506464793006841,0.120863699530764,0.185721493247939,0.212101348134232,0.218086723383322,0.219133698378957,0.219304992225643,0.219333260884409,0.219338056881612
-1.1,0,0,0.0215859626810363,0.0816747290386307,0.184380558568717,0.249894319133158,0.265786189743581,0.267980549011859,0.268230433748169,0.268258272458178,0.268261472431945,0.268261853412335
-1,0,0,0.0317933244455257,0.125060287898315,0.257305031069805,0.311511297970925,0.319179736365159,0.319832548617194,0.319881362390776,0.319885074308071,0.319885372543789,0.31988539743084
-0.9,0,0,0.0452770399619975,0.180941207309558,0.331526485759885,0.369563665514634,0.372724302733715,0.372893539276115,0.372901968923779,0.372902414387888,0.372902440828349,0.372902442363896
-0.8,0,0,0.0622447689620703,0.246875580277488,0.40099873255094,0.424666588681649,0.425851907615609,0.425892799214287,0.42589419262244,0.425894248152429,0.425894250244907,0.425894250410032
-0.7,0,0,0.0824957230008528,0.318132145467259,0.463242823155799,0.476934126116825,0.477363013355405,0.477372835256903,0.477373071357359,0.477373080812684,0.477373080808692,0.477373082326566
-0.6,0,0,0.105304638276763,0.389016661812783,0.517965218829307,0.525671919741682,0.525829871992284,0.525832367468293,0.525832408088009,0.525832407869757,0.525832410101237,0.52583241427436
-0.5,0,0,0.129396234130849,0.454407206446728,0.565339909421808,0.569739832220738,0.569801971017138,0.569802683311196,0.569802684860643,0.569802682780645,0.569802685459337,0.569802693614393
-0.4,0,0,0.153039977275857,0.510636805249749,0.605240551870143,0.607882397604119,0.607909648858332,0.607909892267983,0.607909877249172,0.607909874958613,0.607909876375234,0.607909897834583
-0.3,0,0,0.17425763064264,0.55553904297817,0.637199856804428,0.638919584527205,0.638933398208243,0.638933505438647,0.638933474110808,0.638933449709482,0.638933467732422,0.638933521067478
-0.2,0,0,0.191099964307993,0.588029228031623,0.660608576654059,0.661851957640686,0.661860287006182,0.661860351023858,0.661860304689106,0.661860221943689,0.661860292433162,0.66186038292266
-0.0999999999999996,0,0,0.201931585481101,0.607637458729826,0.674908399915087,0.675924617887511,0.675930716683756,0.675930766508575,0.675930710764809,0.675930561132017,0.675930697385688,0.675930806773336
0,0,0,0.205668440694284,0.614187920986018,0.679719527919819,0.680668514829892,0.680674004350675,0.680674050769413,0.680673992077239,0.680673813256814,0.680673979497364,0.680674091864369
0.1,0,0,0.201931585481101,0.607637458729826,0.674908399915087,0.67592461788751,0.675930716683756,0.675930766508575,0.675930710764808,0.675930561132016,0.675930697385688,0.675930806773336
0.2,0,0,0.191099964307993,0.588029228031623,0.660608576654059,0.661851957640686,0.661860287006182,0.661860351023858,0.661860304689106,0.661860221943689,0.661860292433162,0.66186038292266
0.3,0,0,0.17425763064264,0.555539042978169,0.637199856804428,0.638919584527205,0.638933398208243,0.638933505438647,0.638933474110808,0.638933449709482,0.638933467732421,0.638933521067478
0.4,0,0,0.153039977275857,0.510636805249748,0.605240551870143,0.607882397604119,0.607909648858332,0.607909892267983,0.607909877249172,0.607909874958612,0.607909876375234,0.607909897834583
0.5,0,0,0.129396234130849,0.454407206446727,0.565339909421808,0.569739832220739,0.569801971017138,0.569802683311197,0.569802684860643,0.569802682780645,0.569802685459337,0.569802693614393
0.6,0,0,0.105304638276763,0.389016661812783,0.517965218829307,0.525671919741682,0.525829871992284,0.525832367468293,0.525832408088009,0.525832407869757,0.525832410101237,0.52583241427436
0.7,0,0,0.0824957230008526,0.318132145467258,0.463242823155799,0.476934126116825,0.477363013355405,0.477372835256903,0.477373071357359,0.477373080812684,0.477373080808692,0.477373082326565
0.8,0,0,0.0622447689620703,0.246875580277488,0.40099873255094,0.424666588681649,0.425851907615609,0.425892799214287,0.42589419262244,0.425894248152429,0.425894250244907,0.425894250410032
0.9,0,0,0.0452770399619975,0.180941207309558,0.331526485759885,0.369563665514634,0.372724302733715,0.372893539276115,0.372901968923779,0.372902414387888,0.372902440828349,0.372902442363896
1,0,0,0.0317933244455257,0.125060287898315,0.257305031069805,0.311511297970925,0.319179736365159,0.319832548617194,0.319881362390776,0.319885074308071,0.319885372543789,0.31988539743084
1.1,0,0,0.0215859626810363,0.0816747290386305,0.184380558568716,0.249894319133157,0.265786189743581,0.267980549011859,0.268230433748168,0.268258272458178,0.268261472431945,0.268261853412335
1.2,0,0,0.0141950438863323,0.050646479300684,0.120863699530764,0.185721493247939,0.212101348134232,0.218086723383322,0.219133698378957,0.219304992225643,0.219333260884409,0.219338056881612
1.3,0,0,0.00905697696034327,0.0300126583694486,0.0726365900649608,0.124411771603328,0.157609560547785,0.169909389830258,0.173235220443875,0.174032169821151,0.174218912498003,0.17426327168712
1.4,0,0,0.00561579801048627,0.0171116917534835,0.0405030629334375,0.0741842347499854,0.104967925225128,0.122786992790891,0.130198963855817,0.132794275833866,0.13364744672167,0.133925252886768
1.5,0,0,0.00338870530502765,0.00944502184306013,0.0212970024617893,0.0397669408007524,0.0610834797873999,0.078683937052939,0.0895266776206845,0.0950150953170919,0.0975223996863137,0.0986222457879783
1.6,0,0,0.0019922835315346,0.00507312743822611,0.0107235305108833,0.0196421690958025,0.0312626753841436,0.0434041509877887,0.0535865207862603,0.0607277522671885,0.0651715569564644,0.0677569712739072
1.7,0,0,0.00114219959782759,0.00266228606769034,0.00523422032778173,0.00917906723905592,0.0145234536155232,0.020836003268911,0.0272877164680899,0.0330562002602222,0.0376950868647936,0.0411609775124677
1.8,0,0,0.000638942589421137,0.00136903009948097,0.00249825537957365,0.00414355269783386,0.00634790630988237,0.00906083536484412,0.0121185706392678,0.0152787350067562,0.0183043791993874,0.0210316924415977
1.9,0,0,0.000348859275076365,0.000691212637507043,0.00117271010762447,0.00183196615222757,0.00268295162260823,0.0037229446730605,0.00492968999981014,0.00626039978691697,0.00765955825648786,0.00907207858911753
2,0,0,0.000185927579098831,0.000343054120664179,0.000543319512353668,0.000799931954718743,0.00111544516906602,0.00148926633864995,0.00191877513745505,0.00239887591465135,0.00292187345255693,0.00347856167596072
2.1,0,0,9.67145985242273e-05,0.000167450797097699,0.000248930231624642,0.000346565723913645,0.000460515774721397,0.000590136682540562,0.000734895175086151,0.000894429510135321,0.00106834474763054,0.00125609608658049
2.2,0,0,4.90880193507274e-05,8.03839129021636e-05,0.00011287435222297,0.000149303599380378,0.000189679803286741,0.000233675861204835,0.000281106255856601,0.000331995520954252,0.00038652056056163,0.000444928646570672
2.3,0,0,2.43009931460942e-05,3.79318021002764e-05,5.06483412105794e-05,6.39977594021766e-05,7.80789556496043e-05,9.27959416703371e-05,0.000108098427301568,0.000124017620356248,0.000140652061306221,0.000158140716768906
2.4,0,0,1.17282665948569e-05,1.75809618984585e-05,2.24728849208808e-05,2.72800918233243e-05,3.21182879863332e-05,3.69820887396699e-05,4.1869380991917e-05,4.68007924827355e-05,5.1816900325115e-05,5.69708562730292e-05
2.5,0,0,5.51547600342788e-06,7.99538850432779e-06,9.84779471921835e-06,1.1549229348656e-05,1.31866525916277e-05,1.4775103780826e-05,1.63223583204699e-05,1.7840286444057e-05,1.9345131599776e-05,2.08557799933314e-05
2.6,0,0,2.52605597610514e-06,3.56361082359236e-06,4.25536787851465e-06,4.84741031651539e-06,5.39287612453927e-06,5.90504824726407e-06,6.39030058034497e-06,6.85462371739551e-06,7.30445840588755e-06,7.74644390448123e-06
2.7,0,0,1.12613424420864e-06,1.55503210711601e-06,1.8106587024703e-06,2.01355818824652e-06,2.19245489086168e-06,2.35542595176091e-06,2.5060962538546e-06,2.6471858834087e-06,2.78118277008744e-06,2.91040718610608e-06
2.8,0,0,4.88871756644326e-07,6.6527040723601e-07,7.59974014510233e-07,8.2925590167644e-07,8.87568336316827e-07,9.39192097412068e-07,9.85923411335215e-07,1.0289167119864e-06,1.06910733213588e-06,1.10730131703854e-06
2.9,0,0,2.10484231477387e-07,2.86754489191722e-07,3.24418907223437e-07,3.49738138702668e-07,3.70066578599883e-07,3.87652838679218e-07,4.03377580452866e-07,4.17736511936333e-07,4.3109302692805e-07,4.43742857716285e-07
3,0,0,1.08965477395609e-07,1.52251566012544e-07,1.72579076679146e-07,1.85429570079597e-07,1.95375022367443e-07,2.038283114132e-07,2.11318986279697e-07,2.18121704566129e-07,2.24425024801697e-07,2.30376879410215e-07
-3,4.93639216346718e-06,4.93639216346718e-06,2.89187774139729e-06,1.53144158912801e-06,1.07292849758498e-06,9.6451317880466e-07,9.81275966169287e-07,1.04027947980033e-06,1.11262031573074e-06,1.18889607473221e-06,1.26650653004155e-06,1.34508076942394e-06
-2.9,8.90519427675556e-06,8.90519427675556e-06,3.73779530920304e-06,2.01837235213096e-06,1.50543098499845e-06,1.42126254604471e-06,1.48322193607128e-06,1.59239308064424e-06,1.71549248725628e-06,1.842124750645e-06,1.96972806037751e-06,2.09828114969821e-06
-2.8,1.57467616262031e-05,1.57467616262031e-05,6.32949007850337e-06,3.59075370232129e-06,2.94767182248814e-06,2.97276288199409e-06,3.20653822696803e-06,3.50032882397543e-06,3.80699063856706e-06,4.11291632192535e-06,4.41581397896062e-06,4.71731873136288e-06
-2.7,2.7293122110255e-05,2.7293122110255e-05,1.11543158953734e-05,6.9076404605088e-06,6.26923048548559e-06,6.73170873907846e-06,7.52802211555246e-06,8.42103565170511e-06,9.33846668046082e-06,1.02612873832868e-05,1.11889780632421e-05,1.21279552885686e-05
-2.6,4.63691669561836e-05,4.63691669561836e-05,1.95284570459976e-05,1.34592581386371e-05,1.34687527421025e-05,1.53189466127761e-05,1.77607957824482e-05,2.04170649100504e-05,2.31744240259648e-05,2.60062920774253e-05,2.89188961388221e-05,3.19310540865291e-05
-2.5,7.72181654491084e-05,7.72181654491084e-05,3.38443794982251e-05,2.62484775695369e-05,2.88433645839731e-05,3.46590979440112e-05,4.17192944942357e-05,4.94346337514135e-05,5.76291083522306e-05,6.62704317409247e-05,7.53844310836211e-05,8.50116578350343e-05
-2.4,0.000126044463937778,0.000126044463937778,5.81038803456964e-05,5.10903855417821e-05,6.13916139149849e-05,7.7891809576492e-05,9.75881412298355e-05,0.000119608127788755,0.000143708282098624,0.000169873813210282,0.000198157300866168,0.000228567259114714
-2.3,0.000201670410387639,0.000201670410387639,9.88811775152437e-05,9.90592137858504e-05,0.000129729663394025,0.00017395486804118,0.000227571150917311,0.000289534672174194,0.000359677286284412,0.000438050771206484,0.000524505834564337,0.000618449293960541
-2.2,0.000316282162063737,0.000316282162063737,0.000166864596807199,0.000190970974594469,0.000271990425493324,0.000386222802586235,0.000529388985233236,0.000701383463120493,0.000902780083661686,0.00113324215423027,0.0013903007659479,0.00166941782207329
-2.1,0.000486207133196597,0.000486207133196597,0.000279224285829116,0.000365415417486938,0.000565472327945942,0.000852512750969607,0.00122805375342937,0.00169763757419112,0.00226355892983481,0.00291933986110604,0.00364774633519275,0.0044255566012128
-2,0.000732625555549367,0.000732625555549367,0.000463142187554593,0.000692828686138321,0.00116494725675854,0.00186935761701815,0.0028352097666181,0.00408674558560166,0.00561935474123468,0.00738270485382397,0.00929026701945804,0.0112508860770902
-1.9,0.00108207387465402,0.00108207387465402,0.000760895220655581,0.00129950545148344,0.00237548871364663,0.00406386145834718,0.00648461599612299,0.00969342701493163,0.0135928678948223,0.0179168930422697,0.0223362698440018,0.0265846886089725
-1.8,0.00156655580395948,0.00156655580395948,0.00123686357254703,0.00240721706467519,0.0047858216667769,0.00872440194455075,0.0145664561369991,0.0222891629264416,0.0312624244453288,0.0404666020020318,0.0490076730790129,0.0564055252738326
-1.7,0.00222304850445932,0.00222304850445932,0.00198666357228051,0.00439571299444754,0.00949847563816545,0.0183712376205383,0.0316763926992431,0.0485013615658026,0.066252729205343,0.0822466400141689,0.0950979549150544,0.104714431282976
-1.6,0.00309218961773199,0.00309218961773199,0.00314816050452371,0.00789528700239655,0.0184893329224885,0.0375395475357249,0.0653019127246589,0.0969745583341696,0.125489014882117,0.146862193552234,0.161117321169129,0.17006357956769
-1.5,0.00421596898247457,0.00421596898247457,0.00491326055527483,0.0139113304305067,0.0350723180477667,0.0733065888971418,0.124447579197032,0.173583519539702,0.209217122531863,0.230667217511871,0.242382363992997,0.248559533415092
-1.4,0.0056343368368418,0.0056343368368418,0.00753800381417034,0.0239663769489985,0.0642653574044671,0.134270915396397,0.214504330620784,0.275630448628547,0.310397542536849,0.327305875385822,0.335049783185038,0.338580755374817
-1.3,0.00738078095971957,0.00738078095971957,0.0113466191769175,0.0402106853630305,0.112525129573762,0.226641112808308,0.331811919606161,0.393737547120947,0.421940042671278,0.433509763450729,0.438154491760113,0.440054462746838
-1.2,0.00947711034728487,0.00947711034728487,0.0167232219873386,0.0654004355337111,0.186116466493088,0.349161505107444,0.465685962051956,0.519884757527704,0.540779930869571,0.5484242275384,0.551232037721909,0.55229275655863
-1.1,0.0119278911771955,0.0119278911771955,0.0240836197275999,0.102599337956511,0.288071653231704,0.492506556482616,0.606232550801527,0.650450559339225,0.665805874373967,0.671048684053742,0.672863359349578,0.673508114003661
-1,0.0147151776468577,0.0147151776468577,0.0338206727951777,0.154492510199751,0.41552456786527,0.644836319078851,0.748051382088899,0.783829148046011,0.795556614276336,0.799398866837443,0.800674518554317,0.801106452968136
-0.9,0.0177943226489177,0.0177943226489177,0.0462214133807233,0.222386240078303,0.56002030273747,0.797204200943897,0.888536845017328,0.918234450688138,0.927673102702799,0.930685223964559,0.93165587102464,0.931972801760993
-0.8,0.021091696961722,0.021091696961722,0.0613633340123413,0.30526392215541,0.710863186258441,0.944393034774998,1.02558711164577,1.05113678874397,1.05911568105704,1.06161738853045,1.06240679425223,1.06265794414586
-0.7,0.0245050557673767,0.0245050557673767,0.0790092894534225,0.399426037691586,0.858569864835679,1.08320955956739,1.1566937857524,1.17943455595078,1.1864589724895,1.18863503791788,1.18931184560148,1.18952338667238
-0.6,0.0279070530428413,0.0279070530428413,0.0985306653554016,0.498996488470975,0.99622942688728,1.21102255280917,1.27891866115036,1.29974111285397,1.30612665659459,1.30808863038452,1.30869292851566,1.3088795900607
-0.5,0.0311520313228562,0.0311520313228562,0.118890586101209,0.59705431284593,1.11913441062428,1.32520311642114,1.38913034886491,1.40863154919647,1.41458270433895,1.41640104080639,1.41695746063879,1.41712800534411
-0.4,0.0340857515586485,0.0340857515586485,0.13870878178711,0.686827374483277,1.22395578966305,1.42310587276822,1.48425444216553,1.50284569155296,1.50850031428395,1.51022155634431,1.51074599675668,1.51090592124688
-0.3,0.0365572474108491,0.0365572474108491,0.15640895503526,0.762513409352826,1.30816458284519,1.50223561719917,1.56148542558671,1.57946057866507,1.584915658408,1.58657203865938,1.58707527985598,1.58722822290744
-0.2,0.0384315775660929,0.0384315775660929,0.1704257956216,0.819640468945304,1.3697874085354,1.56043674560596,1.61845877662166,1.63603766138337,1.64136492478144,1.64297998880573,1.64346976470808,1.64361830350416
-0.0999999999999996,0.0396019933499667,0.0396019933499667,0.179431639209769,0.855113735372335,1.40736582780928,1.59605284431067,1.65338628772409,1.67074358623484,1.67599955677276,1.67759166651523,1.67807395689117,1.67822007025319
0,0.04,0.04,0.182537738395309,0.867134322902506,1.41999453848197,1.60804313380434,1.66515474324063,1.68244075109551,1.68767381185787,1.68925856034711,1.68973844739821,1.68988378851279
0.1,0.0396019933499667,0.0396019933499667,0.179431639209768,0.855113735372335,1.40736582780928,1.59605284431067,1.65338628772409,1.67074358623484,1.67599955677275,1.67759166651523,1.67807395689117,1.67822007025319
0.2,0.0384315775660929,0.0384315775660929,0.1704257956216,0.819640468945304,1.3697874085354,1.56043674560596,1.61845877662166,1.63603766138337,1.64136492478144,1.64297998880573,1.64346976470808,1.64361830350416
0.3,0.0365572474108491,0.0365572474108491,0.156408955035259,0.762513409352826,1.30816458284518,1.50223561719917,1.56148542558671,1.57946057866507,1.584915658408,1.58657203865938,1.58707527985598,1.58722822290744
0.4,0.0340857515586484,0.0340857515586484,0.13870878178711,0.686827374483276,1.22395578966305,1.42310587276822,1.48425444216552,1.50284569155296,1.50850031428395,1.51022155634431,1.51074599675668,1.51090592124688
0.5,0.0311520313228562,0.0311520313228562,0.118890586101209,0.59705431284593,1.11913441062428,1.32520311642114,1.38913034886491,1.40863154919647,1.41458270433895,1.41640104080639,1.41695746063879,1.41712800534411
0.6,0.0279070530428412,0.0279070530428412,0.0985306653554015,0.498996488470974,0.99622942688728,1.21102255280917,1.27891866115036,1.29974111285397,1.30612665659459,1.30808863038452,1.30869292851566,1.3088795900607
0.7,0.0245050557673766,0.0245050557673766,0.0790092894534224,0.399426037691586,0.858569864835679,1.08320955956739,1.1566937857524,1.17943455595078,1.1864589724895,1.18863503791788,1.18931184560148,1.18952338667238
0.8,0.0210916969617219,0.0210916969617219,0.0613633340123412,0.305263922155409,0.710863186258441,0.944393034774998,1.02558711164577,1.05113678874397,1.05911568105704,1.06161738853045,1.06240679425224,1.06265794414586
0.9,0.0177943226489176,0.0177943226489176,0.0462214133807233,0.222386240078303,0.56002030273747,0.797204200943897,0.888536845017328,0.918234450688138,0.927673102702799,0.930685223964559,0.93165587102464,0.931972801760993
1,0.0147151776468577,0.0147151776468577,0.0338206727951777,0.154492510199751,0.41552456786527,0.64483631907885,0.748051382088898,0.783829148046011,0.795556614276336,0.799398866837443,0.800674518554317,0.801106452968136
1.1,0.0119278911771955,0.0119278911771955,0.0240836197275999,0.102599337956511,0.288071653231703,0.492506556482615,0.606232550801527,0.650450559339225,0.665805874373966,0.671048684053742,0.672863359349577,0.673508114003661
1.2,0.00947711034728487,0.00947711034728487,0.0167232219873386,0.065400435533711,0.186116466493088,0.349161505107444,0.465685962051956,0.519884757527704,0.540779930869571,0.5484242275384,0.551232037721909,0.55229275655863
1.3,0.00738078095971957,0.00738078095971957,0.0113466191769175,0.0402106853630305,0.112525129573762,0.226641112808307,0.331811919606161,0.393737547120947,0.421940042671278,0.433509763450729,0.438154491760113,0.440054462746838
1.4,0.00563433683684179,0.00563433683684179,0.00753800381417033,0.0239663769489984,0.064265357404467,0.134270915396397,0.214504330620784,0.275630448628547,0.310397542536849,0.327305875385822,0.335049783185038,0.338580755374817
1.5,0.00421596898247457,0.00421596898247457,0.00491326055527482,0.0139113304305067,0.0350723180477667,0.0733065888971417,0.124447579197032,0.173583519539702,0.209217122531863,0.230667217511871,0.242382363992997,0.248559533415092
1.6,0.00309218961773198,0.00309218961773198,0.0031481605045237,0.00789528700239654,0.0184893329224884,0.0375395475357248,0.0653019127246588,0.0969745583341694,0.125489014882117,0.146862193552234,0.161117321169129,0.17006357956769
1.7,0.00222304850445932,0.00222304850445932,0.00198666357228051,0.00439571299444753,0.00949847563816542,0.0183712376205382,0.0316763926992431,0.0485013615658025,0.0662527292053428,0.0822466400141687,0.0950979549150542,0.104714431282976
1.8,0.00156655580395948,0.00156655580395948,0.00123686357254702,0.00240721706467518,0.00478582166677688,0.00872440194455071,0.0145664561369991,0.0222891629264415,0.0312624244453287,0.0404666020020316,0.0490076730790127,0.0564055252738324
1.9,0.00108207387465402,0.00108207387465402,0.000760895220655579,0.00129950545148343,0.00237548871364662,0.00406386145834717,0.00648461599612296,0.00969342701493159,0.0135928678948222,0.0179168930422696,0.0223362698440017,0.0265846886089724
2,0.000732625555549367,0.000732625555549367,0.000463142187554592,0.00069282868613832,0.00116494725675854,0.00186935761701815,0.00283520976661809,0.00408674558560164,0.00561935474123466,0.00738270485382394,0.009290267019458,0.0112508860770902
2.1,0.000486207133196597,0.000486207133196597,0.000279224285829116,0.000365415417486937,0.000565472327945941,0.000852512750969605,0.00122805375342937,0.00169763757419112,0.0022635589298348,0.00291933986110603,0.00364774633519274,0.00442555660121278
2.2,0.000316282162063737,0.000316282162063737,0.000166864596807199,0.000190970974594469,0.000271990425493323,0.000386222802586234,0.000529388985233235,0.000701383463120492,0.000902780083661684,0.00113324215423026,0.0013903007659479,0.00166941782207328
2.3,0.000201670410387638,0.000201670410387638,9.88811775152434e-05,9.905921378585e-05,0.000129729663394024,0.00017395486804118,0.000227571150917311,0.000289534672174193,0.000359677286284411,0.000438050771206482,0.000524505834564336,0.000618449293960539
2.4,0.000126044463937777,0.000126044463937777,5.81038803456963e-05,5.10903855417819e-05,6.13916139149847e-05,7.78918095764918e-05,9.75881412298352e-05,0.000119608127788754,0.000143708282098624,0.000169873813210282,0.000198157300866167,0.000228567259114713
2.5,7.72181654491084e-05,7.72181654491084e-05,3.3844379498225e-05,2.62484775695368e-05,2.8843364583973e-05,3.46590979440111e-05,4.17192944942356e-05,4.94346337514133e-05,5.76291083522305e-05,6.62704317409245e-05,7.53844310836209e-05,8.50116578350341e-05
2.6,4.63691669561835e-05,4.63691669561835e-05,1.95284570459975e-05,1.34592581386371e-05,1.34687527421025e-05,1.53189466127761e-05,1.77607957824482e-05,2.04170649100504e-05,2.31744240259647e-05,2.60062920774252e-05,2.8918896138822e-05,3.1931054086529e-05
2.7,2.7293122110255e-05,2.7293122110255e-05,1.11543158953734e-05,6.90764046050879e-06,6.26923048548558e-06,6.73170873907845e-06,7.52802211555245e-06,8.4210356517051e-06,9.33846668046081e-06,1.02612873832868e-05,1.1188978063242e-05,1.21279552885686e-05
2.8,1.57467616262031e-05,1.57467616262031e-05,6.32949007850335e-06,3.59075370232128e-06,2.94767182248813e-06,2.97276288199409e-06,3.20653822696802e-06,3.50032882397542e-06,3.80699063856705e-06,4.11291632192534e-06,4.41581397896061e-06,4.71731873136287e-06
2.9,8.90519427675554e-06,8.90519427675554e-06,3.73779530920305e-06,2.01837235213096e-06,1.50543098499845e-06,1.42126254604471e-06,1.48322193607128e-06,1.59239308064424e-06,1.71549248725628e-06,1.842124750645e-06,1.96972806037751e-06,2.09828114969821e-06
3,4.93639216346718e-06,4.93639216346718e-06,2.8918777413973e-06,1.53144158912801e-06,1.07292849758498e-06,9.64513178804662e-07,9.81275966169289e-07,1.04027947980033e-06,1.11262031573074e-06,1.18889607473221e-06,1.26650653004155e-06,1.34508076942395e-06
-3,0,0,4.89612734227072e-06,7.31405254954226e-06,8.68964750033935e-06,9.74011191175755e-06,1.0731978585684e-05,1.17573687751933e-05,1.28457076889863e-05,1.40051489178289e-05,1.52372931127158e-05,1.65422069460943e-05
-2.9,0,0,6.94352221347895e-06,1.00655827528512e-05,1.19297078818856e-05,1.34528480395981e-05,1.49537526387068e-05,1.653737648909e-05,1.8235075696685e-05,2.00541067022805e-05,2.19947392635601e-05,2.40560003716577e-05
-2.8,0,0,1.20227258595382e-05,1.73837641037819e-05,2.0880856039418e-05,2.40285192901927e-05,2.7303218609817e-05,3.0846157397171e-05,3.46908563516028e-05,3.88377745365724e-05,4.32790991668619e-05,4.80071676083282e-05
-2.7,0,0,2.08798191441395e-05,3.06828805750972e-05,3.78404790632802e-05,4.49048062324415e-05,5.26423492840045e-05,6.12709102131303e-05,7.08392905505712e-05,8.13469285281769e-05,9.2783483279651e-05,0.000105142982042185
-2.6,0,0,3.56636405606119e-05,5.36866732414517e-05,6.85330906812371e-05,8.44553137362063e-05,0.000102735002309443,0.000123769182617307,0.000147686614221997,0.000174539635864182,0.000204370575217121,0.000237237391678145
-2.5,0,0,5.9876564915999e-05,9.29436417965455e-05,0.000123706992750238,0.000159312089029366,0.000202097873557209,0.000253008450380857,0.000312563593632262,0.000381164096158347,0.000459205776320877,0.000547121020322237
-2.4,0,0,9.8858889548082e-05,0.000159364431294116,0.000222815588086322,0.000301705297180566,0.000400999163257441,0.000523544396373412,0.000671546247876967,0.00084704151989437,0.00105206932642575,0.00128868004505235
-2.3,0,0,0.000160585513431576,0.000270947153601014,0.000400978394064787,0.000574223309337573,0.000803072820970599,0.00109702674321593,0.00146480893541309,0.00191497682994616,0.00245592697642509,0.00309548247760795
-2.2,0,0,0.000256762532724902,0.000457241142902876,0.000721656108684331,0.00109891334994599,0.00162336671757761,0.00232681700030625,0.00324100612179327,0.00439744373529709,0.0058255268882205,0.00754990477291211
-2.1,0,0,0.000404282632006838,0.00076651906318692,0.00129947944184974,0.00211427947934658,0.00330975902723313,0.00498837595508312,0.00725614151482175,0.0102153038622139,0.0139521651292956,0.0185267833367859
-2,0,0,0.000627103449217131,0.00127712944031713,0.00234089994513396,0.00408576340413734,0.00679363989287149,0.0107761419448719,0.01635371960775,0.0238094708959666,0.0333378613978262,0.0450210633944665
-1.9,0,0,0.000958588343886439,0.00211511126273294,0.00421530814272626,0.00791558902992414,0.0139921429936792,0.0233222674284487,0.0367509469209165,0.054887676648391,0.0779634490739775,0.105841620054602
-1.8,0,0,0.00144428656497643,0.0034807705984999,0.0075760327995107,0.0153265801260277,0.0287531769881268,0.0500690101918399,0.0810671779904461,0.122482485539718,0.173851784426047,0.233892991886867
-1.7,0,0,0.00214500820008484,0.00568721908081989,0.0135572689691394,0.0295169004459619,0.0584192021263535,0.104981102766797,0.17166342173002,0.257553221817372,0.359266117824463,0.47264954727949
-1.6,0,0,0.00313984310943154,0.00921310987245736,0.0240719556749312,0.056136486615543,0.115770660588126,0.210515196906216,0.340150073898503,0.497515160262712,0.673366911792317,0.85994402910166
-1.5,0,0,0.00452846257599165,0.0147685791317971,0.0422073358670851,0.10436792809526,0.219840110100471,0.394723863621428,0.61775356421542,0.87076293693622,1.13887586066289,1.41290746798344
-1.4,0,0,0.00643163180595694,0.0233655979912012,0.072623460343639,0.187238999270924,0.3926228723222,0.680826106170918,1.0209137368122,1.38514780605411,1.75741179822645,2.12996138244404
-1.3,0,0,0.00898840825469866,0.0363694730095163,0.121675911945825,0.319614048544461,0.650649837611023,1.07632956384052,1.54674821692626,2.03176818555053,2.51787827449933,2.99968396487905
-1.2,0,0,0.0123481518990417,0.0554876950555597,0.196782457106192,0.513174056362028,0.997166153328461,1.57247407905351,2.18026710388808,2.79381321574317,3.40306519564915,4.00448927117377
-1.1,0,0,0.0166554885480764,0.0826342943067979,0.304647236281566,0.770971363501218,1.42206532275097,2.15148708594468,2.90155517506733,3.6505537451983,4.39115237140348,5.12099477297053
-1,0,0,0.0220270908457644,0.119613619953592,0.448702499885397,1.08588043597029,1.90761282675397,2.79232722832929,3.68825555760092,4.5779489193683,5.45587927273266,6.32040005880489
-0.9,0,0,0.0285208777331371,0.167623934736166,0.627117197378834,1.4435394287685,2.43341024195898,3.47264425362954,4.51592686324036,5.54886657762038,6.56708954138878,7.56938859631729
-0.8,0,0,0.0361010028529598,0.226689681453761,0.832649307487006,1.82638950651103,2.9785176990249,4.16916502546218,5.35833034097434,6.53370758646809,7.69167462347026,8.83131024058978
-0.7,0,0,0.0446052658162772,0.29523151871328,1.05422465167633,2.21630062807448,3.52207412763558,4.85801227089364,6.18806448043884,7.50134525902551,8.79473722849607,10.0675146806258
-0.6,0,0,0.0537241373728443,0.369978220407532,1.27904462826565,2.59574993599427,4.04364290437371,5.51528245650498,6.97745029894125,8.42024063790773,9.84088457904461,11.2387954734115
-0.5,0,0,0.0630009110842602,0.446284926162794,1.4942614443477,2.94834962111838,4.52367946390257,6.11781689584368,7.69954839164687,9.25965094602994,10.7956007450914,12.3069125606016
-0.4,0,0,0.0718595095070318,0.518745403921481,1.68801259636512,3.25923414014362,4.94412899974118,6.64406211097505,8.32922441437912,9.99086904947354,11.6266453736597,13.2361426045512
-0.3,0,0,0.079660403537034,0.581899915934103,1.85001154598702,3.5154625612717,5.28907726626151,7.07493719926388,8.84419532226788,10.5884310475938,12.30541413372,13.994787416738
-0.2,0,0,0.0857776784891781,0.630873306525649,1.97191259534625,3.70643220107064,5.54538076938172,7.39464225990579,9.22599341644412,11.0312256948692,12.8081881709118,14.5565600335455
-0.0999999999999996,0,0,0.0896840169635474,0.661863204463513,2.04756700315041,3.82425916115177,5.70321780290981,7.5913520068932,9.46078915601432,11.3034401885557,13.1171993437821,14.9017669277733
0,0,0,0.0910273561493263,0.672466667213591,2.07320807528794,3.86408240630663,5.75651518303827,7.6577477830802,9.54002069373184,11.3952834511848,13.2214449673441,15.0182124790646
0.1,0,0,0.0896840169635474,0.661863204463513,2.04756700315041,3.82425916115177,5.70321780290981,7.5913520068932,9.46078915601431,11.3034401885557,13.1171993437821,14.9017669277733
0.2,0,0,0.0857776784891781,0.630873306525649,1.97191259534625,3.70643220107064,5.54538076938172,7.39464225990579,9.22599341644412,11.0312256948692,12.8081881709118,14.5565600335455
0.3,0,0,0.0796604035370339,0.581899915934102,1.85001154598702,3.5154625612717,5.28907726626151,7.07493719926388,8.84419532226788,10.5884310475938,12.30541413372,13.994787416738
0.4,0,0,0.0718595095070317,0.51874540392148,1.68801259636512,3.25923414014362,4.94412899974118,6.64406211097505,8.32922441437911,9.99086904947353,11.6266453736597,13.2361426045512
0.5,0,0,0.0630009110842602,0.446284926162794,1.4942614443477,2.94834962111838,4.52367946390257,6.11781689584368,7.69954839164687,9.25965094602994,10.7956007450914,12.3069125606016
0.6,0,0,0.0537241373728443,0.369978220407531,1.27904462826565,2.59574993599427,4.04364290437371,5.51528245650498,6.97745029894125,8.42024063790773,9.84088457904461,11.2387954734115
0.7,0,0,0.0446052658162772,0.29523151871328,1.05422465167632,2.21630062807448,3.52207412763557,4.85801227089364,6.18806448043884,7.50134525902551,8.79473722849607,10.0675146806258
0.8,0,0,0.0361010028529598,0.226689681453761,0.832649307487005,1.82638950651103,2.9785176990249,4.16916502546218,5.35833034097434,6.5337075864681,7.69167462347027,8.83131024058978
0.9,0,0,0.0285208777331371,0.167623934736166,0.627117197378833,1.4435394287685,2.43341024195898,3.47264425362954,4.51592686324036,5.54886657762037,6.56708954138878,7.56938859631729
1,0,0,0.0220270908457644,0.119613619953592,0.448702499885397,1.08588043597029,1.90761282675397,2.79232722832929,3.68825555760092,4.5779489193683,5.45587927273266,6.32040005880489
1.1,0,0,0.0166554885480764,0.0826342943067978,0.304647236281566,0.770971363501217,1.42206532275097,2.15148708594468,2.90155517506733,3.6505537451983,4.39115237140348,5.12099477297053
1.2,0,0,0.0123481518990417,0.0554876950555596,0.196782457106192,0.513174056362028,0.997166153328461,1.57247407905351,2.18026710388808,2.79381321574317,3.40306519564914,4.00448927117377
1.3,0,0,0.00898840825469865,0.0363694730095163,0.121675911945824,0.319614048544461,0.650649837611022,1.07632956384051,1.54674821692626,2.03176818555053,2.51787827449932,2.99968396487905
1.4,0,0,0.00643163180595693,0.0233655979912011,0.072623460343639,0.187238999270923,0.3926228723222,0.680826106170918,1.0209137368122,1.38514780605411,1.75741179822645,2.12996138244404
1.5,0,0,0.00452846257599164,0.0147685791317971,0.042207335867085,0.10436792809526,0.219840110100471,0.394723863621428,0.617753564215419,0.87076293693622,1.13887586066289,1.41290746798344
1.6,0,0,0.00313984310943154,0.00921310987245733,0.0240719556749312,0.0561364866155428,0.115770660588125,0.210515196906216,0.340150073898502,0.497515160262711,0.673366911792316,0.859944029101658
1.7,0,0,0.00214500820008484,0.00568721908081988,0.0135572689691393,0.0295169004459618,0.0584192021263533,0.104981102766797,0.171663421730019,0.257553221817372,0.359266117824462,0.472649547279489
1.8,0,0,0.00144428656497642,0.00348077059849989,0.00757603279951068,0.0153265801260277,0.0287531769881267,0.0500690101918397,0.0810671779904458,0.122482485539717,0.173851784426046,0.233892991886866
1.9,0,0,0.000958588343886436,0.00211511126273294,0.00421530814272625,0.00791558902992411,0.0139921429936791,0.0233222674284486,0.0367509469209163,0.0548876766483907,0.0779634490739771,0.105841620054602
2,0,0,0.000627103449217131,0.00127712944031712,0.00234089994513395,0.00408576340413733,0.00679363989287147,0.0107761419448719,0.01635371960775,0.0238094708959665,0.0333378613978261,0.0450210633944664
2.1,0,0,0.000404282632006838,0.000766519063186919,0.00129947944184974,0.00211427947934657,0.00330975902723313,0.00498837595508311,0.00725614151482173,0.0102153038622139,0.0139521651292956,0.0185267833367859
2.2,0,0,0.000256762532724902,0.000457241142902876,0.00072165610868433,0.00109891334994599,0.00162336671757761,0.00232681700030625,0.00324100612179327,0.00439744373529708,0.00582552688822049,0.00754990477291209
2.3,0,0,0.000160585513431576,0.000270947153601013,0.000400978394064786,0.000574223309337572,0.000803072820970596,0.00109702674321592,0.00146480893541309,0.00191497682994615,0.00245592697642508,0.00309548247760794
2.4,0,0,9.88588895480818e-05,0.000159364431294116,0.000222815588086321,0.000301705297180566,0.00040099916325744,0.00052354439637341,0.000671546247876965,0.000847041519894368,0.00105206932642575,0.00128868004505235
2.5,0,0,5.98765649159989e-05,9.29436417965453e-05,0.000123706992750238,0.000159312089029366,0.000202097873557209,0.000253008450380857,0.000312563593632261,0.000381164096158346,0.000459205776320876,0.000547121020322235
2.6,0,0,3.56636405606119e-05,5.36866732414516e-05,6.8533090681237e-05,8.44553137362062e-05,0.000102735002309443,0.000123769182617307,0.000147686614221997,0.000174539635864181,0.00020437057521712,0.000237237391678145
2.7,0,0,2.08798191441395e-05,3.06828805750972e-05,3.78404790632802e-05,4.49048062324414e-05,5.26423492840044e-05,6.12709102131302e-05,7.08392905505712e-05,8.13469285281769e-05,9.27834832796509e-05,0.000105142982042184
2.8,0,0,1.20227258595382e-05,1.73837641037818e-05,2.08808560394179e-05,2.40285192901926e-05,2.73032186098169e-05,3.08461573971709e-05,3.46908563516027e-05,3.88377745365723e-05,4.32790991668618e-05,4.80071676083281e-05
2.9,0,0,6.94352221347894e-06,1.00655827528512e-05,1.19297078818856e-05,1.34528480395981e-05,1.49537526387068e-05,1.65373764890899e-05,1.8235075696685e-05,2.00541067022805e-05,2.19947392635601e-05,2.40560003716577e-05
3,0,0,4.89612734227073e-06,7.31405254954227e-06,8.68964750033937e-06,9.74011191175757e-06,1.07319785856841e-05,1.17573687751933e-05,1.28457076889863e-05,1.40051489178289e-05,1.52372931127158e-05,1.65422069460943e-05
