SVEIR_Synth_Data,0,6,12,18,24,30,36,42,48,54,60
0.00871543554807774,0.00871543554807774,0.0565090127261544,0.0789562770689327,0.07974652270564148,0.06984094642179957,0.05731649115818011,0.04604984719698093,0.03721076836638822,0.03072945713887942,0.02614378596105267,0.022962787867952545
0.011776618264830964,0.011776618264830964,0.05737792458508775,0.07949250499180688,0.08000338219308752,0.06993947648090651,0.05734416048973694,0.04605316591757073,0.03720968630518619,0.03073084780652432,0.02614915310042881,0.022971782465447548
0.015751449444311394,0.015751449444311394,0.05998444462724387,0.08109509177614053,0.08076913309140983,0.07023242447344512,0.05742608767402152,0.046062836715321714,0.03720649378590761,0.030735191177071818,0.026165451132543312,0.022998955186947584
0.02085397618011831,0.02085397618011831,0.06432725153423241,0.08374565504614435,0.08202936143631154,0.07071194212202024,0.05755903541389594,0.04607801964458885,0.03720136144506323,0.03074300231044175,0.026193266836732475,0.02304486816876016
0.027329119919048583,0.027329119919048583,0.07040273872439708,0.0874133591021476,0.0837601698436259,0.07136511265531378,0.057737730911853705,0.046097372463718804,0.0371945938289362,0.030755141949584033,0.02623357230575165,0.023110448919373146
0.03545119206405823,0.03545119206405823,0.07820271529364928,0.09205461557019859,0.08592840935822788,0.07217423079324697,0.05795504072689599,0.04611913797861253,0.03718666001958592,0.03077281738878583,0.026287712286287936,0.02319697199479201
0.0455202316621295,0.0455202316621295,0.08771139757356684,0.09761273318962096,0.08849201946263557,0.07311719207485969,0.05820222393933482,0.04614126214815635,0.0371782311280376,0.03079758021115674,0.026357384073735578,0.023306031476763082
0.057855747322635695,0.057855747322635695,0.0989017621439332,0.10401757112451426,0.09140051195300114,0.07416800531357631,0.05846924783180414,0.04616153649875425,0.03717022104533738,0.030831317348698813,0.026444606630055156,0.023439501148256266
0.07278752889535296,0.07278752889535296,0.11173142710939449,0.11118527591314911,0.09459563415505441,0.0752974366015438,0.058745168060698745,0.04617775966144778,0.037163824841791614,0.03087623099194998,0.02655167519950138,0.02359947904553489
0.09064333312320326,0.09064333312320326,0.12613828012070108,0.11901820415261952,0.09801225447823374,0.07647379124879615,0.059018563500038215,0.04618790877846652,0.03716054790181424,0.030934802051778496,0.026681097083327485,0.023788212567913677
0.11173344314235115,0.11173344314235115,0.14203612282355912,0.12740515501852742,0.10157951781009006,0.07766383663076298,0.059278015520481966,0.04619031012591589,0.037162217854986745,0.031009731345254216,0.02683550390602917,0.024008000071624496
0.13633234998894778,0.13633234998894778,0.15931065399802827,0.13622205718121416,0.10522231861377422,0.07883386212970696,0.059512615502615863,0.04618379606641552,0.03717097078042317,0.031103852615767695,0.02701753582350174,0.024261065057520702
0.16465809372368673,0.16465809372368673,0.17781616363824976,0.14533326935678198,0.1088631321347232,0.07995086176574444,0.05971247959006244,0.046167834119810715,0.037189203302407194,0.03122001214588526,0.027229693918722184,0.02454939989534549
0.19685011337371128,0.19685011337371128,0.1973733505885856,0.15459365595749558,0.11242422557273642,0.0809838103714912,0.05986924415171198,0.046142613447156845,0.03721948337943762,0.03136091133629884,0.027474158735917534,0.024874577739323077
0.2329467624845986,0.2329467624845986,0.21776869593505682,0.1638515798816802,0.11583023819308517,0.08190498590128252,0.059976511004082,0.04610907510478799,0.037264415118898095,0.03152891143743486,0.02775257573171886,0.025237534084186802
0.27286391896334555,0.27286391896334555,0.2387558076362002,0.17295290287134998,0.11901107067896048,0.08269127043156597,0.060030208939993626,0.04606887542778763,0.03732645702785813,0.031725803763046435,0.02806581248549407,0.02563832339738322
0.3163763194074404,0.3163763194074404,0.26005908003072253,0.18174599085191165,0.12190496137895171,0.08332534372368706,0.060028838913837375,0.04602427715252848,0.037407698736321784,0.03195255412902841,0.028413697743250508,0.026075861373083455
0.3631033452078092,0.3631033452078092,0.28137986624027844,0.19008758368983977,0.12446155713233052,0.08379667013427691,0.059973575336088505,0.04597797030043265,0.037509608093604284,0.03220903660521094,0.028794758430149052,0.02654766925058653
0.412500951193838,0.412500951193838,0.3024051301389792,0.19784921315656603,0.12664472112113656,0.08410217684246177,0.05986820581863766,0.04593283386514444,0.03763276794890516,0.032493778255239095,0.029205976979735065,0.027049642656468535
0.46386123753912784,0.46386123753912784,0.3228182311942514,0.20492366198484174,0.12843477598521394,0.08424653268791739,0.05971890590121214,0.045891658865701415,0.037776628801399696,0.03280374233247839,0.029642596678146713,0.027575872564310384
0.5163208154306278,0.5163208154306278,0.3423111285751845,0.21123078889778904,0.12982987430496343,0.08424196400741,0.059533862206824474,0.04585686178275449,0.03793930847086006,0.03313418110606027,0.030098005945527313,0.028118548971355413
0.5688786162294371,0.5688786162294371,0.360596928720591,0.21672194772378917,0.13084623307759644,0.0841075849246714,0.05932277451815389,0.045830222985122855,0.038117471554273405,0.03347858977201714,0.030563732267923097,0.028667977478207225
0.6204231697050904,0.6204231697050904,0.37742142692446795,0.22138224934907139,0.1315170665343453,0.08386826902698326,0.05909628128953725,0.04581268583567078,0.038306318504398695,0.03382878867823003,0.031029571799686118,0.029212734089238874
0.6697686734414083,0.6697686734414083,0.39257220131442233,0.2252300807858912,0.13189019166914767,0.08355313879772602,0.058865361145998836,0.045804247687109154,0.03849970610467247,0.03417515187217681,0.03148387101785006,0.029739973777471347
0.7156984505936591,0.7156984505936591,0.4058839811482797,0.22831360029739753,0.13202443964344313,0.08319378925855733,0.05864076300923755,0.04580396386006686,0.03869040822760642,0.03450698615384204,0.03191396263257237,0.03023589408964697
0.7570137134834819,0.7570137134834819,0.41723945546747276,0.23070432705201316,0.13198515332164473,0.08282238545327907,0.05843250929443046,0.045810071012283335,0.03887050937066322,0.034813047756435074,0.0323067406306053,0.030686337693668343
0.7925849846760434,0.7925849846760434,0.42656536658211724,0.2324883639154845,0.13183915808424923,0.08246977613381531,0.05824950170211283,0.045820219205931385,0.039031905776964367,0.035082165726040115,0.032649341105475536,0.031077499541719462
0.821403138064612,0.821403138064612,0.43382452758273127,0.23375614918490928,0.13164964199762488,0.0821637497847533,0.058099240558013784,0.045831785283940184,0.039166872710732506,0.03530392477989395,0.03292987917309781,0.031396687997698784
0.8426268595141858,0.8426268595141858,0.4390051487168574,0.23459185937052549,0.13147137024993713,0.08192752988329105,0.05798765037265844,0.04584222682805033,0.03926864441876042,0.035469348635911314,0.03313818054069091,0.031633077610072044
0.8556234191388823,0.8556234191388823,0.4421093843694949,0.23506364648742786,0.13134660000951287,0.08177857241392265,0.057918990073721796,0.04584942844121123,0.03933194767483943,0.035571519712258026,0.03326644138856328,0.03177838639834968
0.86,0.86,0.44314319295788224,0.2352157938538667,0.13130197650088596,0.08172769832178893,0.057895818967980364,0.04585199183754204,0.03935343179806542,0.035606073892066194,0.03330975333848416,0.03182741376343749
0.8556234191388823,0.8556234191388823,0.4421093843694949,0.23506364648742717,0.13134660000951098,0.08177857241392236,0.057918990073748546,0.04584942844121667,0.03933194767483883,0.03557151971225763,0.03326644138856256,0.03177838639834988
0.8426268595141857,0.8426268595141857,0.4390051487168575,0.2345918593705253,0.13147137024993977,0.08192752988329155,0.057987650372624225,0.04584222682804345,0.03926864441875955,0.03546934863591098,0.03313818054069153,0.03163307761007255
0.8214031380646118,0.8214031380646118,0.4338245275827314,0.23375614918490922,0.13164964199762372,0.08216374978475316,0.05809924055803147,0.04583178528394381,0.03916687271073246,0.0353039247798936,0.03292987917309714,0.03139668799769948
0.7925849846760432,0.7925849846760432,0.42656536658211724,0.23248836391548464,0.1318391580842488,0.08246977613381513,0.05824950170212205,0.0458202192059332,0.03903190577696437,0.03508216572603969,0.032649341105474954,0.031077499541720337
0.7570137134834819,0.7570137134834819,0.4172394554674726,0.23070432705201344,0.13198515332164687,0.08282238545327979,0.05843250929440733,0.04581007101227892,0.038870509370662956,0.03481304775643472,0.03230674063060563,0.030686337693669408
0.715698450593659,0.715698450593659,0.40588398114827967,0.22831360029739767,0.1320244396434423,0.08319378925855696,0.05864076300924794,0.04580396386006877,0.03869040822760646,0.03450698615384155,0.0319139626325715,0.030235894089648094
0.6697686734414081,0.6697686734414081,0.39257220131442216,0.22523008078589116,0.1318901916691464,0.0835531387977261,0.058865361146020485,0.04580424768711387,0.0384997061046724,0.03417515187217633,0.03148387101784939,0.029739973777472273
0.6204231697050901,0.6204231697050901,0.37742142692446773,0.2213822493490717,0.13151706653434908,0.08386826902698385,0.05909628128948979,0.045812685835661025,0.03830631850439829,0.03382878867822963,0.03102957179968666,0.02921273408923961
0.5688786162294369,0.5688786162294369,0.36059692872059096,0.21672194772378903,0.13084623307759344,0.084107584924671,0.059322774518200005,0.04583022298513243,0.03811747155427333,0.033478589772016516,0.03056373226792171,0.02866797747820785
0.5163208154306278,0.5163208154306278,0.34231112857518436,0.21123078889778926,0.1298298743049647,0.08424196400741017,0.0595338622068101,0.04585686178275158,0.03793930847085957,0.03313418110605976,0.030098005945527265,0.02811854897135583
0.46386123753912756,0.46386123753912756,0.3228182311942513,0.2049236619848421,0.12843477598521583,0.08424653268791785,0.05971890590118862,0.04589165886569674,0.037776628801399384,0.032803742332478084,0.02964259667814696,0.027575872564310665
0.412500951193838,0.412500951193838,0.30240513013897896,0.19784921315656623,0.1266447211211336,0.08410217684246116,0.059868205818679354,0.045932833865152956,0.037632767948905445,0.03249377825523877,0.029205976979733806,0.02704964265646873
0.3631033452078092,0.3631033452078092,0.28137986624027816,0.19008758368984055,0.12446155713233262,0.08379667013427736,0.059973575336064094,0.045977970300427745,0.03750960809360439,0.032209036605210975,0.028794758430149347,0.02654766925058662
0.31637631940744027,0.31637631940744027,0.26005908003072226,0.18174599085191237,0.12190496137895244,0.08332534372368734,0.06002883891382832,0.04602427715252688,0.03740769873632193,0.031952554129028476,0.028413697743250563,0.026075861373083545
0.27286391896334555,0.27286391896334555,0.23875580763620008,0.1729529028713503,0.11901107067895746,0.08269127043156532,0.06003020894002664,0.04606887542779422,0.03732645702785847,0.03172580376304628,0.028065812485493214,0.025638323397383356
0.23294676248459842,0.23294676248459842,0.21776869593505674,0.16385157988168086,0.11583023819308715,0.08190498590128283,0.05997651100405448,0.04610907510478231,0.03726441511889809,0.03152891143743487,0.027752575731719183,0.025237534084186827
0.19685011337371128,0.19685011337371128,0.19737335058858554,0.154593655957496,0.11242422557273624,0.08098381037149165,0.059869244151721186,0.04614261344715941,0.0372194833794377,0.03136091133629893,0.027474158735917468,0.024874577739323053
0.16465809372368642,0.16465809372368642,0.17781616363824967,0.14533326935678195,0.10886313213472247,0.07995086176574386,0.05971247959006372,0.04616783411981059,0.03718920330240744,0.031220012145885198,0.027229693918721876,0.024549399895345433
0.1363323499889477,0.1363323499889477,0.15931065399802824,0.13622205718121402,0.10522231861377371,0.07883386212970689,0.05951261550262023,0.04618379606641654,0.03717097078042337,0.031103852615767678,0.027017535823501672,0.02426106505752058
0.11173344314235115,0.11173344314235115,0.14203612282355912,0.12740515501852745,0.1015795178100914,0.07766383663076329,0.0592780155204712,0.04619031012591412,0.0371622178549868,0.031009731345254286,0.026835503906029314,0.02400800007162428
0.0906433331232032,0.0906433331232032,0.12613828012070105,0.11901820415261932,0.09801225447823314,0.07647379124879602,0.05901856350004513,0.04618790877846802,0.03716054790181433,0.030934802051778437,0.026681097083327245,0.02378821256791336
0.07278752889535296,0.07278752889535296,0.11173142710939449,0.1111852759131489,0.09459563415505379,0.07529743660154342,0.05874516806070067,0.04617775966144805,0.03716382484179158,0.03087623099194985,0.026551675199501207,0.023599479045534468
0.05785574732263558,0.05785574732263558,0.0989017621439332,0.10401757112451411,0.09140051195300138,0.07416800531357659,0.05846924783180168,0.04616153649875414,0.03717022104533733,0.030831317348698786,0.0264446066300553,0.023439501148255708
0.045520231662129484,0.045520231662129484,0.08771139757356682,0.0976127331896209,0.08849201946263599,0.07311719207485964,0.05820222393932762,0.0461412621481549,0.037178231128037725,0.03079758021115669,0.02635738407373551,0.023306031476762395
0.03545119206405823,0.03545119206405823,0.07820271529364928,0.09205461557019848,0.08592840935822624,0.07217423079324675,0.05795504072691438,0.046119137978616484,0.03718666001958616,0.030772817388785748,0.02628771228628757,0.02319697199479119
0.02732911991904855,0.02732911991904855,0.07040273872439705,0.08741335910214768,0.08376016984362697,0.07136511265531367,0.0577377309118325,0.04609737246371449,0.03719459382893612,0.030755141949583925,0.026233572305751927,0.023110448919372195
0.02085397618011831,0.02085397618011831,0.06432725153423238,0.08374565504614423,0.08202936143631011,0.07071194212201998,0.057559035413910935,0.046078019644592454,0.03720136144506331,0.030743002310441636,0.02619326683673218,0.02304486816875905
0.015751449444311366,0.015751449444311366,0.059984444627243866,0.08109509177614047,0.08076913309140953,0.07023242447344474,0.05742608767401559,0.04606283671532061,0.037206493785907756,0.030735191177071762,0.026165451132543295,0.02299895518694638
0.011776618264830964,0.011776618264830964,0.05737792458508774,0.07949250499180699,0.08000338219308681,0.06993947648090625,0.05734416048973237,0.046053165917570034,0.037209686305186174,0.03073084780652422,0.026149153100428788,0.02297178246544628
0.00871543554807774,0.00871543554807774,0.05650901272615435,0.07895627706893284,0.07974652270564189,0.06984094642179903,0.05731649115815978,0.046049847196976954,0.03721076836638811,0.030729457138879302,0.02614378596105285,0.022962787867951275
0.0010134227381485745,0.0010134227381485745,0.028205802445601537,0.07892295226328523,0.13106957578500922,0.1713969972851829,0.1972854460806898,0.21161467337766846,0.21847198479715116,0.2211792678787217,0.22191426986704746,0.22193719609694
0.0013693742168408099,0.0013693742168408099,0.028640042783708786,0.079461254465377,0.13149684782395685,0.17164400809245361,0.19737874556218674,0.21161142527843324,0.2184219383917807,0.22111459841041728,0.22185228247281794,0.2218856031262556
0.001831563888873418,0.001831563888873418,0.029942686901324428,0.08107017189189714,0.13277083524171082,0.17237847907612355,0.19765450415970393,0.2115996785894834,0.21827117675732716,0.22092068659677766,0.22166671119751657,0.22173127924323086
0.002424880951176548,0.002424880951176548,0.03211316940188677,0.08373164696310992,0.1348681515990121,0.17358091175646506,0.19810047977210068,0.21157355142086973,0.21801790465135693,0.22059785663996703,0.22135874124591307,0.22147559077744547
0.0031778046417498353,0.0031778046417498353,0.03514985302079234,0.08741539035284239,0.13775001675915147,0.17521918565989963,0.19869663334123377,0.21152349875331022,0.2176592789305537,0.22014672046563633,0.22093037417643907,0.22112081783236898
0.004122231635355608,0.004122231635355608,0.03904889115525525,0.09207858952444768,0.14136261734946756,0.17724921050734962,0.19941574663211406,0.2114367441631326,0.21719165471875168,0.21956829449087426,0.22038446960583866,0.22067015777107116
0.005293050193270872,0.005293050193270872,0.04380274008429095,0.09766556776087709,0.14563763856921658,0.17961583474518902,0.20022426411839145,0.21129785881646881,0.21661091101127908,0.21886415168017884,0.219724797868055,0.22012772783934445
0.006727412479376244,0.006727412479376244,0.04939835594094785,0.1041074458548325,0.15049302115538624,0.18225404814579424,0.20108337387156144,0.21108948874090572,0.21591285188644405,0.21803660475729522,0.21895610053581405,0.2194985649030987
0.008463666150622438,0.008463666150622438,0.05581515908070748,0.11132188355868654,0.15583400083229573,0.18509050282814016,0.20195032395903798,0.21079321639379017,0.21509367026136403,0.2170889117583534,0.21808415379314647,0.2187886198118573
0.010539922456186426,0.010539922456186426,0.06302287342621046,0.11921299846278006,0.1615544986556101,0.18804537500396248,0.20277996293087613,0.21039053564818352,0.2141504569426051,0.21602549301155946,0.21711582875031485,0.21800474361135
0.012992260830505947,0.012992260830505947,0.0709793729111952,0.12767158052379138,0.1675389389316386,0.19103458329631218,0.2035264825932021,0.2098639118401191,0.21308173379311832,0.21485214692504565,0.21605914219065767,0.21715466271384112
0.015852598835924162,0.015852598835924162,0.07962869193729505,0.13657573937508813,0.1736645727611342,0.19397236539866902,0.20414532689142492,0.20919789005491826,0.21188798609214118,0.21357625065362779,0.21492329095112866,0.21624694022592664
0.01914628996787055,0.01914628996787055,0.08889937996610695,0.14579213502425775,0.179804374887123,0.19677419101471663,0.20459521250926122,0.20838020595107484,0.2105721659837611,0.2122069309759007,0.2137186632359985,0.21529092095629887
0.022889548066710615,0.022889548066710615,0.098703398663243,0.15517794445151728,0.18583055383405572,0.199359954238554,0.2048401857052389,0.20740284509938414,0.20914013679537777,0.2107551907421515,0.2124568207088399,0.2142966581938465
0.02708683284704635,0.02708683284704635,0.10893576825444598,0.16458369854867824,0.1916186651241891,0.2016573434110169,0.20485161806769603,0.20626299037783977,0.20760102750739595,0.20923397722452516,0.21115044623759757,0.21327482115360794
0.03172836267015646,0.03172836267015646,0.11947516086134953,0.1738570760732643,0.1970522418577857,0.20360523440398762,0.20461002453499752,0.2049637939432706,0.2059674682748582,0.20765818072569245,0.20981325367672887,0.2122365830037821
0.036787944117144235,0.036787944117144235,0.1301856040187427,0.18284765524644517,0.20202775833415038,0.20515690102964,0.20410657436066124,0.2035149121961772,0.2042556819921508,0.20604455489361048,0.20845985800205202,0.21119349055202685
0.04222131921021038,0.04222131921021038,0.14091938892124525,0.19141249573754568,0.20645963028516148,0.2062827938587395,0.20334416410526562,0.2019327500905317,0.20248541353965557,0.20441155423173182,0.20710560635299177,0.2101573178959618
0.04796522688300442,0.04796522688300442,0.15152116983632063,0.19942226029680057,0.21028484787328108,0.20697261801432493,0.2023379348343969,0.20024037550620805,0.20067968728988586,0.20277908902941336,0.20576637291379285,0.20913990751981332
0.053937353202224175,0.053937353202224175,0.16183309527624293,0.20676740627512427,0.21346676011572924,0.20723645251345538,0.2011151451847723,0.19846708457202542,0.19886439402945585,0.20116820298157911,0.2044583228691479,0.2081530033218709
0.06003730411984044,0.06003730411984044,0.1717006408934942,0.21336381737799953,0.21599750917018676,0.20710470519680935,0.19971435659770273,0.19664762305669514,0.19706771968368925,0.1996006836480728,0.2031976526737312,0.20720808076335537
0.0661486763057485,0.0661486763057485,0.18097864515146825,0.21915714982310158,0.21789867141933938,0.2066267874401257,0.19818394229425465,0.19482109453641344,0.19531943891706516,0.19809862012759644,0.20200031536777907,0.20631617963695104
0.07214222903547562,0.07214222903547562,0.18953691991908359,0.22412517812801258,0.219219806396099,0.2058685117860685,0.19657999015945277,0.19302960978421563,0.19365010561819274,0.19668392545116323,0.20088174049100432,0.2054877448013884
0.0778800783071405,0.0778800783071405,0.1972647619562877,0.22827757148760427,0.22003483063763668,0.204908345422635,0.19496372293877579,0.1913167506062541,0.19209017846563214,0.19537784293083493,0.19985655821362766,0.20473247961181293
0.08322075006903014,0.08322075006903014,0.20407376247454664,0.23165280976403008,0.2204363875767373,0.20383277099912073,0.19339859893215536,0.18972593283595185,0.1906691226157907,0.1942004559154915,0.19893833663421934,0.20405921575295818
0.08802485040505603,0.08802485040505603,0.20989851308276633,0.23431232057112442,0.22052862998642783,0.20273109318923274,0.19194727722992205,0.18829875633501617,0.18941452797692268,0.1931702192020296,0.19813933990764965,0.2034758018734611
0.09216104472977249,0.09216104472977249,0.21469511756713772,0.23633231879475974,0.22041902221156,0.20169007152191024,0.19066863186398045,0.18707342505308605,0.18835128097259274,0.19230352801558678,0.1974703131653968,0.20298901199213282
0.09551199279821071,0.09551199279821071,0.21843778683789475,0.2377941790280964,0.22020987351439641,0.2007887548037884,0.18961498159816179,0.1860833091972518,0.18750082100125026,0.19161433742965844,0.19694029832748197,0.20260447329045062
0.09797986738537046,0.09797986738537046,0.22111414294147028,0.23877440314586157,0.21999032211037947,0.20009384803598543,0.18882967215486243,0.1853557069181532,0.18688050602860562,0.1911138418230207,0.19655648314088967,0.20232661180226286
0.09949109524870725,0.09949109524870725,0.22272010786599503,0.2393353221267456,0.21982941542161347,0.1996558743289151,0.18834511263574932,0.18491084738725502,0.18650310495621095,0.19081022090501926,0.19632408433573845,0.20215861380623135
0.1,0.1,0.2232553428669317,0.2395175908068618,0.21977080401195573,0.19950631899687232,0.18818133434641887,0.1847611630293519,0.18637642842087618,0.19070845630827832,0.19624626481509277,0.20210240050124992
0.09949109524870725,0.09949109524870725,0.22272010786599503,0.2393353221267457,0.21982941542161397,0.19965587432891524,0.18834511263574563,0.18491084738725425,0.18650310495621117,0.19081022090501928,0.19632408433573864,0.20215861380623143
0.09797986738537044,0.09797986738537044,0.22111414294147033,0.23877440314586168,0.21999032211037928,0.2000938480359856,0.1888296721548697,0.1853557069181548,0.186880506028606,0.1911138418230208,0.19655648314088928,0.2023266118022631
0.0955119927982107,0.0955119927982107,0.2184377868378948,0.2377941790280966,0.22020987351439722,0.20078875480378883,0.1896149815981546,0.18608330919725044,0.18750082100125048,0.19161433742965867,0.19694029832748228,0.20260447329045086
0.09216104472977248,0.09216104472977248,0.21469511756713777,0.23633231879475985,0.22041902221155996,0.20169007152191074,0.1906686318639862,0.18707342505308744,0.18835128097259296,0.19230352801558698,0.1974703131653964,0.20298901199213312
0.08802485040505603,0.08802485040505603,0.20989851308276636,0.23431232057112453,0.22052862998642836,0.20273109318923316,0.19194727722991944,0.18829875633501575,0.18941452797692293,0.19317021920202973,0.19813933990764948,0.20347580187346148
0.08322075006903012,0.08322075006903012,0.20407376247454662,0.2316528097640302,0.2204363875767379,0.20383277099912142,0.19339859893215866,0.18972593283595285,0.190669122615791,0.19420045591549157,0.19893833663421917,0.2040592157529586
0.07788007830714049,0.07788007830714049,0.19726476195628764,0.22827757148760425,0.22003483063763787,0.20490834542263556,0.19496372293877162,0.1913167506062535,0.1920901784656324,0.1953778429308349,0.19985655821362777,0.20473247961181332
0.07214222903547561,0.07214222903547561,0.1895369199190835,0.22412517812801247,0.21921980639609925,0.20586851178606902,0.19657999015945998,0.19302960978421746,0.19365010561819293,0.19668392545116314,0.20088174049100382,0.20548774480138876
0.06614867630574849,0.06614867630574849,0.18097864515146814,0.21915714982310158,0.2178986714193407,0.20662678744012614,0.198183942294246,0.1948210945364118,0.1953194389170652,0.19809862012759633,0.20200031536777902,0.2063161796369514
0.06003730411984044,0.06003730411984044,0.17170064089349404,0.21336381737799948,0.21599750917018673,0.20710470519680996,0.19971435659771383,0.19664762305669783,0.19706771968368933,0.19960068364807282,0.20319765267373108,0.20720808076335567
0.05393735320222414,0.05393735320222414,0.16183309527624282,0.20676740627512433,0.21346676011573046,0.2072364525134559,0.20111514518476162,0.1984670845720233,0.19886439402945566,0.20116820298157903,0.20445832286914772,0.20815300332187112
0.04796522688300442,0.04796522688300442,0.15152116983632055,0.1994222602968004,0.21028484787328058,0.20697261801432537,0.20233793483440599,0.20024037550621013,0.20067968728988544,0.2027790890294132,0.2057663729137928,0.20913990751981346
0.04222131921021038,0.04222131921021038,0.14091938892124514,0.1914124957375457,0.20645963028516207,0.20628279385874002,0.20334416410526296,0.2019327500905315,0.20248541353965513,0.20441155423173163,0.20710560635299186,0.21015731789596187
0.03678794411714422,0.03678794411714422,0.13018560401874263,0.18284765524644525,0.20202775833415074,0.20515690102964065,0.2041065743606587,0.20351491219617718,0.2042556819921508,0.20604455489361034,0.20845985800205202,0.2111934905520269
0.03172836267015646,0.03172836267015646,0.11947516086134945,0.17385707607326442,0.19705224185778536,0.20360523440398778,0.20461002453500035,0.20496379394327133,0.2059674682748585,0.20765818072569237,0.20981325367672904,0.21223658300378206
0.027086832847046327,0.027086832847046327,0.10893576825444595,0.1645836985486783,0.19161866512418918,0.20165734341101726,0.20485161806769991,0.20626299037784088,0.20760102750739637,0.20923397722452514,0.2111504462375972,0.21327482115360782
0.022889548066710615,0.022889548066710615,0.09870339866324294,0.15517794445151747,0.18583055383405694,0.19935995423855465,0.20484018570523238,0.20740284509938328,0.20914013679537813,0.21075519074215165,0.2124568207088405,0.2142966581938463
0.019146289967870517,0.019146289967870517,0.08889937996610688,0.14579213502425797,0.17980437488712298,0.1967741910147169,0.20459521250926344,0.20838020595107556,0.21057216598376138,0.21220693097590068,0.21371866323599834,0.21529092095629862
0.015852598835924152,0.015852598835924152,0.07962869193729501,0.13657573937508818,0.1736645727611338,0.19397236539866897,0.20414532689142836,0.20919789005491904,0.21188798609214157,0.21357625065362784,0.21492329095112872,0.2162469402259263
0.012992260830505947,0.012992260830505947,0.07097937291119517,0.12767158052379146,0.16753893893163915,0.19103458329631273,0.20352648259320144,0.2098639118401195,0.2130817337931186,0.21485214692504584,0.2160591421906581,0.21715466271384076
0.01053992245618642,0.01053992245618642,0.06302287342621045,0.1192129984627802,0.16155449865561106,0.18804537500396282,0.2027799629308662,0.2103905356481817,0.2141504569426054,0.21602549301155968,0.21711582875031474,0.21800474361134967
0.008463666150622438,0.008463666150622438,0.05581515908070746,0.1113218835586864,0.15583400083229415,0.1850905028281401,0.20195032395905643,0.21079321639379425,0.21509367026136444,0.21708891175835365,0.21808415379314652,0.21878861981185696
0.00672741247937623,0.00672741247937623,0.049398355940947825,0.10410744585483239,0.15049302115538732,0.18225404814579446,0.20108337387154346,0.2110894887409022,0.21591285188644438,0.21803660475729553,0.2189561005358146,0.21949856490309835
0.00529305019327087,0.00529305019327087,0.04380274008429092,0.09766556776087691,0.14563763856921602,0.1796158347451893,0.2002242641184023,0.21129785881647162,0.21661091101127947,0.21886415168017914,0.21972479786805482,0.2201277278393442
0.004122231635355608,0.004122231635355608,0.03904889115525521,0.09207858952444746,0.14136261734946767,0.17724921050734957,0.1994157466321102,0.21143674416313185,0.21719165471875213,0.2195682944908746,0.22038446960583905,0.22067015777107085
0.003177804641749832,0.003177804641749832,0.0351498530207923,0.08741539035284214,0.13775001675915116,0.17521918565989966,0.19869663334123575,0.21152349875331086,0.21765927893055426,0.22014672046563663,0.22093037417643926,0.22112081783236884
0.002424880951176548,0.002424880951176548,0.03211316940188673,0.08373164696310965,0.1348681515990121,0.17358091175646503,0.19810047977210027,0.21157355142086987,0.21801790465135734,0.22059785663996737,0.22135874124591323,0.22147559077744544
0.0018315638888734148,0.0018315638888734148,0.029942686901324393,0.08107017189189684,0.13277083524171063,0.17237847907612358,0.19765450415970529,0.21159967858948386,0.21827117675732738,0.22092068659677797,0.221666711197517,0.22173127924323097
0.0013693742168408099,0.0013693742168408099,0.02864004278370875,0.07946125446537665,0.1314968478239568,0.17164400809245353,0.19737874556218668,0.21161142527843335,0.21842193839178087,0.22111459841041753,0.22185228247281802,0.22188560312625583
0.0010134227381485745,0.0010134227381485745,0.02820580244560149,0.07892295226328493,0.13106957578500814,0.17139699728518318,0.19728544608070084,0.2116146733776709,0.21847198479715102,0.221179267878722,0.22191426986704904,0.22193719609694018
0.0,0.0,4.269406746407675e-06,1.6689577312290474e-05,4.014609487783074e-05,7.425491683440547e-05,0.00010922482480800304,0.000133809628202803,0.0001428314354164446,0.00013780110827914333,0.00012355248440969869,0.00010508679398101398
0.0,0.0,4.936645843833442e-06,1.854688787007725e-05,4.373704764486109e-05,7.954433736077821e-05,0.0001153909617273601,0.00013984024882662536,0.00014804617790694982,0.0001419489443028347,0.00012667402631498682,0.00010735367684585549
0.0,0.0,7.108140320475539e-06,2.4477789025682105e-05,5.505387398951822e-05,9.601083990046959e-05,0.00013439247794726515,0.0001582799219228593,0.00016390053248624878,0.00015450837046609138,0.0001360988236702017,0.00011418432880237171
0.0,0.0,1.1351139645263113e-05,3.5645890123203513e-05,7.58146762425672e-05,0.00012550095431163773,0.00016775414672537075,0.00019016839562735724,0.00019101624142979541,0.00017581964856722384,0.0001520023122723775,0.00012566566487832865
0.0,0.0,1.8727475000034737e-05,5.416584824018104e-05,0.00010906086284921207,0.00017120231307585923,0.00021805234443691095,0.000237232827022006,0.00023041249430251015,0.00020643467493786867,0.00017466646444436887,0.00014193616065990956
0.0,0.0,3.100302677414225e-05,8.341346344641267e-05,0.00015945583000040326,0.00023781510354546547,0.00028896057796925964,0.0003018705073788418,0.00028347426863410127,0.00024709060725001925,0.00020446221557162049,0.00016317523634452663
0.0,0.0,5.0959329872026814e-05,0.00012846816441149385,0.0002336849795342247,0.0003317607316928443,0.00038528985943045923,0.0003871140614200674,0.00035190519646796376,0.0002986731384443105,0.00024182570965007588,0.00018958912328600086
0.0,0.0,8.283858777717587e-05,0.00019670989490658814,0.00034094885575494904,0.0004614019787435916,0.0005130025098401615,0.0004965679767067304,0.0004376606928721023,0.0003621682191030556,0.0002872281999775663,0.00022139329704630594
0.0,0.0,0.00013294678666085015,0.00029857408026718197,0.0004935157584773515,0.0006372315790632911,0.000679171782972578,0.0006343048908905841,0.0005428581759095359,0.0004386020622919937,0.0003411401201879343,0.0002587919561375618
0.0,0.0,0.0002104299660001069,0.0004484445934862523,0.0007072724620609548,0.0008719708644045417,0.0008918560286709408,0.0008047107125486618,0.0006696623451190848,0.0005289700006454876,0.0004039902205363965,0.00030195520772427866
0.0,0.0,0.0003282163898160544,0.0006656251669270322,0.00100217637818432,0.001180506327239255,0.0011598558717535637,0.001012270369033099,0.0008201454447554719,0.0006341557406039453,0.0004761210850495451,0.0003509947947522662
0.0,0.0,0.0005040768873228284,0.0009752722469798338,0.0014024731595444293,0.0015795835989063395,0.0014923277262734681,0.0012612910896866697,0.0009961252014822567,0.000754843735061117,0.0005577427927951835,0.0004059393631306035
0.0,0.0,0.0007616933443491809,0.0014090993085768705,0.0019365084094254865,0.0020871807900343054,0.0018982383454939848,0.0015555676054052406,0.001198986472513394,0.000891428644860292,0.0006488869087903155,0.0004667104054631074
0.0,0.0,0.0011315417415000393,0.0020055837488593643,0.0026359433620761997,0.0027215020075219425,0.0023856636436438363,0.0018980029497955519,0.0014294961776595005,0.001043927007974169,0.00074936332534919,0.0005331001112228314
0.0,0.0,0.0016512994663707334,0.002809341731541736,0.003534197808566751,0.003499571233903532,0.002960959855378607,0.002290208584085798,0.0016876242831238807,0.001211897088260399,0.0008587226634244389,0.0006047523872133122
0.0,0.0,0.0023653963392005635,0.0038693124007017823,0.004664004421167477,0.004435466954042674,0.0036278634098366918,0.0027321167106877393,0.0019723858490409978,0.001394373249871733,0.0009762269389149029,0.0006811482777115442
0.0,0.0,0.0033232772979269556,0.005235444911136051,0.006054075919571833,0.005538313373862448,0.0043866028846970525,0.003221643955387667,0.0022817198773302525,0.0015898209630597192,0.0011008309765541272,0.000761596909436914
0.0,0.0,0.004575974658990844,0.0069537398549124226,0.00772505580656838,0.006810222344725909,0.005233125908740177,0.0037544472409761828,0.0026124195033850168,0.001796117638104624,0.0012311766176168815,0.0008452329182705402
0.0,0.0,0.0061707427356330075,0.00905977239976775,0.009685121364903638,0.008244443037310235,0.006158549728191215,0.004323808388347802,0.002960124860613141,0.0020105629547320864,0.0013656011494846238,0.0009310210932459238
0.0,0.0,0.008143814629148783,0.011571195108817576,0.011925791621859225,0.009824004082791559,0.007148931999910109,0.004920673559052465,0.0033193849745541634,0.0022299203557152704,0.0015021606396002948,0.001017768710729062
0.0,0.0,0.010511790083363934,0.014480117913547393,0.014418608781414165,0.011521109766028626,0.008185427484771392,0.005533858204983613,0.003683788935399955,0.002450489136032749,0.0016386680491573854,0.0011041457370914729
0.0,0.0,0.01326268918754156,0.01774658721981161,0.017113359179062954,0.013297473225446194,0.009244850563288878,0.006150410065290645,0.0040461602324277255,0.0026682043503448868,0.0017727451966677128,0.001188712755309291
0.0,0.0,0.0163481861263041,0.021294519169138555,0.019938353185410058,0.015105645787021022,0.010300611036065535,0.006756105085018906,0.004398802467387919,0.0028787598340224746,0.0019018868890996337,0.0012699561183748802
0.0,0.0,0.019678810001605807,0.02501129507230034,0.022803006330542972,0.016891257155473693,0.01132394210537991,0.007336037116762086,0.004733780522703692,0.003077748177117161,0.0020235348713127993,0.0013463294474011802
0.0,0.0,0.023123815657728693,0.028751780376842548,0.025602612077354855,0.018595948935056766,0.012285304944982494,0.007875254348921768,0.005043219161576222,0.0032608106063646454,0.002135158680014129,0.0014163001774148186
0.0,0.0,0.02651690531603431,0.03234685288356676,0.02822485359903722,0.020160694673179772,0.01315584066437062,0.008359394655169664,0.005319601088847493,0.00342378942205013,0.002234340035883673,0.0014783994245188888
0.0,0.0,0.029668058147294642,0.03561576865565628,0.030557350972795033,0.021529172121074462,0.013908749215459265,0.008775277943625247,0.005556048407935088,0.00356287583161849,0.0023188570791534756,0.0015312730378843264
0.0,0.0,0.0323805659145742,0.03838103201560152,0.032495435064939404,0.02265088840522412,0.014520501675561693,0.009111424166236481,0.005746574572552885,0.003674746602578485,0.002386764572186675,0.0015737313604781552
0.0,0.0,0.03447123862746242,0.04048401441269619,0.033949385914966185,0.023483839330553903,0.014971828975817414,0.00935847816734012,0.005886297615066809,0.003756683795464978,0.0024364661905160886,0.0016047950163562026
0.0,0.0,0.0357909150821625,0.04179945320529655,0.03485053120724243,0.02399658199752744,0.01524846656836274,0.009509534159216454,0.005971608934351031,0.003806672821850687,0.0024667752373644697,0.0016237340308198045
0.0,0.0,0.0362421068478653,0.04224713540125061,0.03515580272099685,0.024169686029468243,0.015341662081078964,0.009560361071003484,0.006000294721717473,0.0038234751218322507,0.0024769605716542095,0.0016300978161148299
0.0,0.0,0.03579091508216243,0.0417994532052963,0.03485053120724234,0.023996581997527425,0.015248466568362509,0.009509534159216456,0.0059716089343510035,0.0038066728218506822,0.0024667752373644667,0.0016237340308197482
0.0,0.0,0.03447123862746241,0.040484014412695696,0.03394938591496539,0.02348383933055375,0.014971828975817926,0.009358478167340114,0.005886297615066751,0.0037566837954649992,0.0024364661905160734,0.0016047950163560706
0.0,0.0,0.03238056591457412,0.03838103201560085,0.03249543506493881,0.022650888405224046,0.014520501675560979,0.009111424166236412,0.005746574572552953,0.003674746602578481,0.0023867645721866635,0.001573731360478006
0.0,0.0,0.02966805814729459,0.0356157686556556,0.03055735097279444,0.021529172121074205,0.01390874921545998,0.008775277943625334,0.00555604840793516,0.003562875831618456,0.0023188570791534404,0.0015312730378842202
0.0,0.0,0.02651690531603434,0.032346852883566216,0.02822485359903735,0.020160694673179675,0.013155840664369929,0.008359394655169515,0.005319601088847489,0.00342378942205014,0.0022343400358836502,0.0014783994245188134
0.0,0.0,0.023123815657728655,0.02875178037684216,0.02560261207735457,0.018595948935056564,0.012285304944982938,0.00787525434892183,0.005043219161576241,0.003260810606364615,0.0021351586800140753,0.001416300177414806
0.0,0.0,0.019678810001605793,0.025011295072300082,0.022803006330542806,0.016891257155473603,0.011323942105379355,0.0073360371167620125,0.004733780522703653,0.0030777481771171343,0.002023534871312772,0.0013463294474011882
0.0,0.0,0.01634818612630407,0.02129451916913846,0.01993835318540998,0.015105645787020932,0.010300611036065903,0.006756105085018887,0.0043988024673879455,0.0028787598340224356,0.0019018868890995871,0.0012699561183748724
0.0,0.0,0.013262689187541536,0.01774658721981174,0.017113359179063016,0.013297473225446164,0.009244850563288519,0.006150410065290629,0.004046160232427691,0.0026682043503448018,0.0017727451966676746,0.0011887127553092632
0.0,0.0,0.010511790083363932,0.01448011791354759,0.014418608781414027,0.011521109766028532,0.00818542748477146,0.005533858204983596,0.003683788935399781,0.0024504891360326445,0.0016386680491573273,0.0011041457370914384
0.0,0.0,0.008143814629148769,0.011571195108817737,0.01192579162185911,0.009824004082791504,0.007148931999910002,0.004920673559052433,0.003319384974553959,0.0022299203557151655,0.0015021606396002393,0.0010177687107290193
0.0,0.0,0.006170742735632985,0.009059772399767928,0.009685121364903503,0.008244443037310215,0.006158549728190982,0.0043238083883477855,0.0029601248606130337,0.002010562954731992,0.0013656011494845835,0.0009310210932458728
0.0,0.0,0.00457597465899082,0.006953739854912565,0.007725055806568147,0.0068102223447258385,0.00523312590874028,0.0037544472409761554,0.0026124195033849725,0.0017961176381045517,0.0012311766176168416,0.0008452329182704898
0.0,0.0,0.003323277297926942,0.005235444911136167,0.006054075919571707,0.0055383133738624146,0.004386602884696894,0.0032216439553876416,0.002281719877330232,0.0015898209630596728,0.0011008309765540888,0.0007615969094368636
0.0,0.0,0.0023653963392005544,0.0038693124007018417,0.0046640044211674015,0.004435466954042655,0.003627863409836666,0.00273211671068773,0.001972385849040979,0.0013943732498716947,0.0009762269389148718,0.0006811482777114952
0.0,0.0,0.0016512994663707271,0.002809341731541756,0.0035341978085666956,0.003499571233903499,0.0029609598553786455,0.002290208584085782,0.0016876242831238642,0.001211897088260371,0.0008587226634244159,0.000604752387213275
0.0,0.0,0.0011315417415000356,0.002005583748859367,0.0026359433620761646,0.0027215020075219165,0.0023856636436437885,0.0018980029497955408,0.001429496177659487,0.001043927007974147,0.0007493633253491735,0.000533100111222808
0.0,0.0,0.0007616933443491782,0.001409099308576865,0.0019365084094254614,0.0020871807900342872,0.0018982383454940039,0.0015555676054052382,0.0011989864725133876,0.0008914286448602804,0.000648886908790303,0.0004667104054630835
0.0,0.0,0.0005040768873228272,0.000975272246979828,0.0014024731595444094,0.0015795835989063252,0.0014923277262734636,0.0012612910896866618,0.0009961252014822537,0.0007548437350611107,0.000557742792795174,0.00040593936313057863
0.0,0.0,0.0003282163898160541,0.0006656251669270272,0.0010021763781843031,0.0011805063272392385,0.001159855871753571,0.0010122703690330953,0.0008201454447554691,0.0006341557406039409,0.0004761210850495383,0.0003509947947522445
0.0,0.0,0.00021042996600010672,0.0004484445934862484,0.0007072724620609439,0.00087197086440453,0.0008918560286709314,0.0008047107125486582,0.000669662345119085,0.0005289700006454841,0.0004039902205363916,0.0003019552077242604
0.0,0.0,0.00013294678666084998,0.00029857408026717823,0.0004935157584773444,0.0006372315790632828,0.0006791717829725707,0.0006343048908905803,0.0005428581759095362,0.0004386020622919911,0.000341140120187931,0.0002587919561375496
0.0,0.0,8.283858777717574e-05,0.00019670989490658483,0.00034094885575494525,0.00046140197874358375,0.0005130025098401646,0.0004965679767067292,0.00043766069287210396,0.0003621682191030546,0.00028722819997756326,0.0002213932970462988
0.0,0.0,5.095932987202673e-05,0.0001284681644114907,0.00023368497953422268,0.0003317607316928386,0.0003852898594304555,0.0003871140614200652,0.0003519051964679654,0.0002986731384443104,0.0002418257096500736,0.00018958912328599666
0.0,0.0,3.1003026774142244e-05,8.341346344641004e-05,0.00015945583000040247,0.0002378151035454617,0.00028896057796925736,0.0003018705073788405,0.00028347426863410056,0.00024709060725001844,0.00020446221557161891,0.00016317523634452468
0.0,0.0,1.8727475000034693e-05,5.416584824017909e-05,0.00010906086284921154,0.00017120231307585603,0.00021805234443691323,0.00023723282702200585,0.0002304124943025093,0.00020643467493786804,0.0001746664644443677,0.00014193616065990918
0.0,0.0,1.1351139645263049e-05,3.56458901232021e-05,7.581467624256694e-05,0.00012550095431163553,0.00016775414672536858,0.00019016839562735572,0.0001910162414297948,0.0001758196485672238,0.00015200231227237678,0.0001256656648783292
0.0,0.0,7.108140320475475e-06,2.4477789025681102e-05,5.505387398951785e-05,9.601083990046787e-05,0.00013439247794726493,0.00015827992192285882,0.0001639005324862484,0.0001545083704660914,0.00013609882367020105,0.00011418432880237265
0.0,0.0,4.936645843833386e-06,1.8546887870076538e-05,4.37370476448606e-05,7.954433736077684e-05,0.00011539096172735917,0.00013984024882662498,0.00014804617790694892,0.00014194894430283387,0.00012667402631498617,0.0001073536768458574
0.0,0.0,4.269406746407624e-06,1.668957731228991e-05,4.014609487783002e-05,7.425491683440409e-05,0.00010922482480800339,0.00013380962820280302,0.0001428314354164434,0.00013780110827914206,0.00012355248440969812,0.00010508679398101612
4.936392163467182e-06,4.936392163467182e-06,6.040960270769047e-06,2.2488410187175864e-05,6.184864703732961e-05,0.00012942072107622666,0.00021478065774178107,0.0002936345441620168,0.00034436851313631714,0.0003590860832817081,0.0003426673909353199,0.00030603994219140283
8.905194276755558e-06,8.905194276755558e-06,7.371758815218363e-06,2.5375481822037777e-05,6.802435942603067e-05,0.00013984907484448895,0.0002287284740429301,0.0003090385536349434,0.00035908575031475947,0.00037174011235170364,0.0003527617380321389,0.00031368300688482267
1.5746761626203147e-05,1.5746761626203147e-05,1.157732370254382e-05,3.463950501867528e-05,8.761071814184579e-05,0.00017253151769765538,0.00027198755318931007,0.0003564103516057361,0.0004040476794657572,0.0004102059057467854,0.0003833324116597562,0.0003367665640978031
2.729312211025504e-05,2.729312211025504e-05,1.952522560678691e-05,5.226674073407673e-05,0.0001239982600335669,0.0002318413143192028,0.00034890654211494843,0.00043926054099555865,0.0004816788626134036,0.000475977217808862,0.000435226066996536,0.0003757420114198509
4.6369166956183615e-05,4.6369166956183615e-05,3.3168734271755714e-05,8.194190835715404e-05,0.00018327217894595864,0.0003254426470071115,0.00046694972926112597,0.0005635110724491469,0.0005960116886388956,0.0005715097665459697,0.0005098210601623387,0.00043133780286488244
7.721816544910837e-05,7.721816544910837e-05,5.582093890692614e-05,0.00012965439503283542,0.00027495686364618167,0.0004649080784898073,0.0006370299410151644,0.0007375870093764777,0.0007526557302385184,0.0007001569777850756,0.0006089699032120093,0.00050451877657292
0.00012604446393777767,0.00012604446393777767,9.26361338719989e-05,0.00020456384714186658,0.0004130447385566713,0.0006665241616916142,0.0008739057412759939,0.0009724970355110986,0.0009587316520438746,0.0008660724788773819,0.0007349180322424586,0.0005964305808287984
0.00020167041038763933,0.00020167041038763933,0.0001513592312188377,0.0003201961614479107,0.0006173291911344087,0.0009522482337165427,0.0011965861590209283,0.0012818585835641949,0.0012227452251873374,0.0010740686533776702,0.0008901951356733989,0.0007083282397083463
0.0003162821620637374,0.0003162821620637374,0.00024333387762633736,0.0004959995347723183,0.000915007484373314,0.0013507252364391821,0.001628652709783126,0.0016818105523528292,0.001554375020771975,0.001329422203148089,0.0010774773092426463,0.0008414893994432897
0.0004862071331965974,0.0004862071331965974,0.0003847629199174775,0.0007592452427754689,0.0013424555597761755,0.0018982182378523016,0.002198380111514461,0.0021907483227039414,0.0019641473855098036,0.0016376194520490682,0.0012994197652256342,0.0009971136691699046
0.0007326255555493671,0.0007326255555493671,0.0005981881904520357,0.0011471862752084371,0.0019469850524043474,0.0026392420042268988,0.0029385127799181547,0.002828813830282255,0.0024629764308778104,0.002004037816512194,0.0015584619817400425,0.0011762105362170922
0.0010820738746540168,0.0010820738746540168,0.0009140929961081062,0.0017092756513706281,0.0027882752478948624,0.0036266243230840788,0.003885541042915161,0.003617081014660923,0.003061555934178992,0.0024335656212804016,0.0018566100264865992,0.0013794795845842854
0.0015665558039594841,0.0015665558039594841,0.0013724354835854737,0.0025090939366176988,0.003939041789152568,0.004920671102126113,0.005078328401836636,0.004576397067296113,0.003769604616835167,0.0029301700087191918,0.0021952041075989515,0.0016071880611419002
0.0022230485044593233,0.0022230485044593233,0.0020237994468897957,0.003625455606268979,0.00548438656170617,0.006587101003009705,0.006555978573188129,0.005725874303531542,0.004594985723526977,0.0034964314462191583,0.0025746828340796803,0.001859052060517109
0.0030921896177319914,0.0030921896177319914,0.0029297152330956346,0.005151988948766207,0.00751921106491247,0.008693468606636579,0.008354905190181163,0.007081075491317684,0.005542744515672359,0.00413307224839237,0.002994358742166381,0.0021341285578404022
0.0042159689824745735,0.0042159689824745735,0.004161586112298911,0.007194368986177382,0.010143120584944754,0.011303932819441097,0.010505178311400222,0.008651992935843011,0.006614130311735802,0.004838514241378375,0.0034522218391328653,0.0024307260321952758
0.005634336836841801,0.005634336836841801,0.0057976002990503435,0.009864401133748047,0.013452448601085099,0.014472456818060465,0.013026361029537576,0.010440980566221465,0.0078056891333631705,0.005608505698446999,0.003944788735217443,0.0027463413473881116
0.007380780959719574,0.007380780959719574,0.007917073631176207,0.013270383077734652,0.0175294188036245,0.018234831453846734,0.015923196074881157,0.012440847562085858,0.009108524510720552,0.006435858587721548,0.004467014002726732,0.0030776298039481734
0.009477110347284871,0.009477110347284871,0.010591910268953128,0.01750366898158489,0.022429020832007505,0.022600250829730967,0.019181626462081325,0.014633349350906334,0.010507823734810899,0.007310333064280593,0.005012277559505082,0.00342041383999498
0.011927891177195497,0.011927891177195497,0.013875323845220935,0.022622121177783474,0.02816482953446384,0.02754346548587184,0.022765702267590438,0.01698830657023545,0.011982732572878262,0.008218696829188042,0.0055724572426308384,0.003769733819143355
0.014715177646857694,0.014715177646857694,0.017788614445916312,0.028632068436628334,0.034695609226107746,0.03299871161698438,0.026615909197650445,0.019463539478957476,0.013506633426978217,0.009144973211014285,0.006138089732287807,0.00411994186087982
0.01779432264891765,0.01779432264891765,0.022307558983685142,0.03547130629710416,0.04191494055908993,0.038856591639882386,0.030649340675206686,0.022005726781789255,0.015047843250500494,0.010070875246050952,0.006698616265675837,0.004464836959303986
0.021091696961721952,0.021091696961721952,0.027350675247756487,0.042996312116085275,0.04964612699874779,0.04496482794165904,0.03476193324701544,0.02455219490792907,0.01657070393471849,0.010976405934277957,0.0072427029456072056,0.004797836939856076
0.024505055767376653,0.024505055767376653,0.032772038616076374,0.05097694145864261,0.05764419092309667,0.05113335063533548,0.03883272817921815,0.027033534192123794,0.018036996479077663,0.01184058972487827,0.007758619692199967,0.0051121803494269666
0.027907053042841256,0.027907053042841256,0.038361243133095885,0.0591012505937613,0.06560588385706127,0.0571435931516789,0.0427298596659056,0.02937684245158206,0.01940757802021654,0.012642289305362353,0.008234657651920253,0.005401149351965564
0.031152031322856197,0.031152031322856197,0.04385236666721009,0.06699175369736386,0.07318746515969045,0.06276127672586479,0.046317754734104766,0.03150933167094022,0.020644122776766943,0.013361056296941487,0.008659562545927247,0.005658303241903562
0.03408575155864846,0.03408575155864846,0.048942442519414694,0.07423258048513554,0.08002878986437797,0.06775148940796985,0.049464902058579716,0.03336200987279432,0.021710846084443177,0.013977964774284219,0.009022961074765818,0.0058777113645696695
0.036557247410849134,0.036557247410849134,0.05331816927478156,0.08040502267299642,0.08578124431478293,0.07189459503030257,0.052051522958481075,0.034873167598727446,0.022576103324418666,0.014476381813106714,0.009315758870868069,0.006054174067441856
0.03843157756609293,0.03843157756609293,0.05668778233235018,0.08512727902373562,0.09013646804953263,0.0750014703952617,0.05397654685984211,0.03599144700867867,0.02321377812143153,0.01484263787668008,0.00953049116524332,0.006183420779908653
0.039601993349966724,0.039601993349966724,0.05881361056979795,0.08809319801600694,0.09285267820532991,0.07692673080217015,0.05516342292130335,0.03667833557139406,0.02360440059528974,0.015066569765723702,0.009661610780685276,0.006262275384906325
0.04,0.04,0.0595402393334073,0.08910468440933474,0.0937757289027467,0.07757889019259989,0.055564447973615996,0.03690998887140849,0.023735960791500484,0.015141918214945036,0.009705701785744349,0.006288780634463148
0.03960199334996672,0.03960199334996672,0.05881361056979783,0.08809319801600675,0.09285267820532961,0.07692673080216977,0.05516342292130315,0.03667833557139395,0.02360440059528967,0.015066569765723653,0.00966161078068526,0.006262275384906124
0.03843157756609293,0.03843157756609293,0.056687782332349994,0.08512727902373513,0.0901364680495321,0.07500147039526102,0.05397654685984165,0.03599144700867859,0.023213778121431487,0.01484263787668009,0.009530491165243314,0.006183420779908412
0.03655724741084913,0.03655724741084913,0.053318169274781405,0.08040502267299571,0.08578124431478225,0.07189459503030174,0.05205152295848074,0.034873167598727293,0.022576103324418662,0.014476381813106735,0.00931575887086803,0.0060541740674416
0.034085751558648444,0.034085751558648444,0.04894244251941463,0.07423258048513484,0.08002878986437732,0.06775148940796914,0.0494649020585794,0.03336200987279415,0.02171084608444305,0.01397796477428408,0.00902296107476569,0.005877711364569447
0.031152031322856197,0.031152031322856197,0.04385236666721012,0.06699175369736342,0.07318746515968985,0.06276127672586422,0.04631775473410458,0.031509331670940124,0.020644122776766822,0.013361056296941311,0.008659562545927072,0.00565830324190338
0.027907053042841242,0.027907053042841242,0.03836124313309592,0.059101250593761014,0.06560588385706072,0.057143593151678454,0.04272985966590549,0.02937684245158193,0.019407578020216414,0.012642289305362184,0.0082346576519201,0.005401149351965425
0.024505055767376636,0.024505055767376636,0.03277203861607639,0.05097694145864244,0.057644190923096486,0.051133350635335126,0.03883272817921808,0.027033534192123666,0.01803699647907761,0.011840589724878236,0.0077586196921998985,0.005112180349426832
0.021091696961721935,0.021091696961721935,0.02735067524775646,0.04299631211608525,0.049646126998747854,0.04496482794165881,0.03476193324701527,0.02455219490792899,0.016570703934718496,0.010976405934277981,0.00724270294560715,0.004797836939856082
0.017794322648917636,0.017794322648917636,0.022307558983685076,0.03547130629710435,0.041914940559089967,0.03885659163988225,0.0306493406752066,0.022005726781789126,0.015047843250500409,0.010070875246050775,0.006698616265675663,0.004464836959303933
0.014715177646857694,0.014715177646857694,0.01778861444591625,0.02863206843662855,0.03469560922610789,0.03299871161698427,0.026615909197650313,0.01946353947895735,0.013506633426978054,0.00914497321101397,0.00613808973228755,0.004119941860879669
0.011927891177195482,0.011927891177195482,0.013875323845220897,0.02262212117778361,0.02816482953446382,0.0275434654858717,0.02276570226759018,0.016988306570235326,0.011982732572878116,0.008218696829187778,0.0055724572426306285,0.003769733819143125
0.009477110347284866,0.009477110347284866,0.0105919102689531,0.01750366898158502,0.022429020832007315,0.022600250829730804,0.01918162646208105,0.014633349350906186,0.010507823734810792,0.007310333064280408,0.005012277559504931,0.0034204138399947783
0.007380780959719574,0.007380780959719574,0.007917073631176184,0.013270383077734763,0.017529418803624394,0.01823483145384659,0.01592319607488101,0.012440847562085754,0.009108524510720473,0.006435858587721414,0.004467014002726602,0.003077629803947995
0.005634336836841793,0.005634336836841793,0.005797600299050328,0.009864401133748145,0.013452448601085019,0.014472456818060326,0.013026361029537473,0.010440980566221386,0.007805689133363127,0.005608505698446878,0.003944788735217304,0.0027463413473880175
0.0042159689824745735,0.0042159689824745735,0.004161586112298902,0.00719436898617741,0.010143120584944713,0.011303932819440985,0.010505178311400135,0.008651992935842949,0.0066141303117357554,0.004838514241378294,0.0034522218391327686,0.0024307260321951877
0.003092189617731984,0.003092189617731984,0.002929715233095628,0.005151988948766204,0.007519211064912454,0.008693468606636499,0.008354905190181094,0.0070810754913176385,0.005542744515672317,0.004133072248392307,0.002994358742166314,0.002134128557840316
0.0022230485044593216,0.0022230485044593216,0.002023799446889792,0.0036254556062689618,0.0054843865617061624,0.006587101003009641,0.006555978573188082,0.005725874303531508,0.00459498572352694,0.0034964314462191063,0.0025746828340796318,0.0018590520605170642
0.0015665558039594791,0.0015665558039594791,0.0013724354835854722,0.0025090939366177005,0.003939041789152562,0.004920671102126062,0.005078328401836606,0.004576397067296089,0.0037696046168351448,0.00293017000871916,0.0021952041075989186,0.0016071880611418531
0.001082073874654015,0.001082073874654015,0.0009140929961081053,0.0017092756513706283,0.0027882752478948494,0.0036266243230840354,0.003885541042915135,0.0036170810146609065,0.003061555934178974,0.0024335656212803804,0.0018566100264865775,0.0013794795845842407
0.0007326255555493671,0.0007326255555493671,0.0005981881904520356,0.0011471862752084321,0.0019469850524043337,0.002639242004226865,0.0029385127799181282,0.0028288138302822404,0.002462976430877798,0.0020040378165121805,0.001558461981740028,0.0011762105362170562
0.00048620713319659655,0.00048620713319659655,0.00038476291991747745,0.000759245242775465,0.001342455559776165,0.0018982182378522734,0.002198380111514438,0.0021907483227039284,0.0019641473855097962,0.0016376194520490617,0.001299419765225624,0.0009971136691698749
0.0003162821620637374,0.0003162821620637374,0.0002433338776263372,0.000495999534772315,0.0009150074843733052,0.0013507252364391602,0.0016286527097831057,0.0016818105523528192,0.0015543750207719666,0.0013294222031480832,0.0010774773092426383,0.0008414893994432695
0.00020167041038763844,0.00020167041038763844,0.0001513592312188374,0.00032019616144790726,0.0006173291911344061,0.000952248233716528,0.0011965861590209146,0.0012818585835641864,0.0012227452251873316,0.0010740686533776671,0.0008901951356733926,0.0007083282397083357
0.00012604446393777742,0.00012604446393777742,9.263613387199855e-05,0.00020456384714186317,0.00041304473855666987,0.0006665241616916043,0.0008739057412759864,0.0009724970355110928,0.0009587316520438703,0.0008660724788773799,0.0007349180322424539,0.0005964305808288
7.721816544910837e-05,7.721816544910837e-05,5.5820938906925885e-05,0.00012965439503283274,0.00027495686364618,0.00046490807848980026,0.0006370299410151589,0.0007375870093764738,0.0007526557302385151,0.0007001569777850749,0.0006089699032120069,0.0005045187765729207
4.6369166956183534e-05,4.6369166956183534e-05,3.316873427175555e-05,8.194190835715231e-05,0.00018327217894595655,0.0003254426470071066,0.00046694972926112174,0.0005635110724491435,0.0005960116886388922,0.0005715097665459679,0.0005098210601623368,0.00043133780286488173
2.729312211025504e-05,2.729312211025504e-05,1.9525225606786803e-05,5.226674073407548e-05,0.000123998260033565,0.0002318413143191992,0.0003489065421149448,0.00043926054099555604,0.0004816788626134009,0.00047597721780886056,0.0004352260669965349,0.00037574201141985094
1.5746761626203062e-05,1.5746761626203062e-05,1.1577323702543765e-05,3.4639505018674474e-05,8.761071814184471e-05,0.00017253151769765278,0.00027198755318930687,0.0003564103516057335,0.0004040476794657553,0.0004102059057467842,0.000383332411659755,0.00033676656409780314
8.905194276755543e-06,8.905194276755543e-06,7.371758815218333e-06,2.537548182203732e-05,6.80243594260292e-05,0.00013984907484448675,0.0002287284740429268,0.00030903855363494093,0.00035908575031475736,0.0003717401123517012,0.00035276173803213713,0.0003136830068848219
4.936392163467182e-06,4.936392163467182e-06,6.040960270769029e-06,2.2488410187175484e-05,6.184864703732814e-05,0.00012942072107622452,0.00021478065774177757,0.0002936345441620142,0.0003443685131363129,0.00035908608328170445,0.00034266739093531846,0.0003060399421913999
0.0,0.0,5.831518394189384e-06,2.0850437165332677e-05,6.809209608114769e-05,0.00017832588149498525,0.00037980084067751563,0.0006783085878847607,0.0010505604132889804,0.0014556569376460563,0.0018521310076965777,0.0022093260871341573
0.0,0.0,8.032798643108517e-06,2.5340071158027348e-05,7.775557631538457e-05,0.00019770372094208836,0.0004135384746902543,0.0007292006997064929,0.0011187313600697969,0.0015390913236082368,0.00194774918928961,0.002313902898503665
0.0,0.0,1.3642679737532688e-05,3.831574360639717e-05,0.00010724888540775482,0.0002578204256132137,0.0005184106245178774,0.0008870276172940755,0.0013294832846304987,0.001796304940500502,0.002241862528890263,0.0026350290918112826
0.0,0.0,2.354970299161129e-05,6.231076518666908e-05,0.00016226494635766453,0.00036898312744646536,0.0007098511926515277,0.0011717004845654252,0.0017059315079199031,0.002252339380180221,0.0027604663879288714,0.003199025151960488
0.0,0.0,4.014474386765256e-05,0.00010291212244219541,0.0002541208813037336,0.0005506658743682934,0.0010161973590890926,0.0016191410701457797,0.002289323622823852,0.002951578885936518,0.00354945015494311,0.004052246472854733
0.0,0.0,6.729122442364443e-05,0.00016928094211180104,0.00040109701287950795,0.0008336629047292214,0.00148137717589794,0.0022841668596541484,0.0031419022159892332,0.003960503456601308,0.0046772306842204885,0.005263615089242057
0.0,0.0,0.00011080116416660318,0.000275430286473086,0.0006308578860531613,0.0012635957695650982,0.002169076399584847,0.003244856640402158,0.004351192081312682,0.0053718007809806165,0.00623868827932732,0.006928409915865054
0.0,0.0,0.00017916901133377286,0.0004421110871612518,0.0009838652094887495,0.0019056732302784281,0.0031682249787775923,0.004608177699533718,0.006035456100786583,0.00730956524161352,0.008360129880074472,0.009173042139858797
0.0,0.0,0.0002844949746206403,0.000699268016690963,0.0015177466526447101,0.002850588871970759,0.004599576706930657,0.0065165631876578835,0.008349965012210383,0.009935215190172323,0.011204911010181375,0.012160452957613956
0.0,0.0,0.0004435678613238188,0.0010890322609015785,0.002312522907795707,0.004221306822648153,0.006622973239623232,0.009154928382063728,0.01149352580769406,0.013453563961765027,0.014979157524305646,0.01609558482612626
0.0,0.0,0.0006790461707659706,0.001669129122868614,0.003476406034919519,0.006180203261970713,0.009444553838662814,0.012757276622238986,0.01571438347492747,0.018118160401553843,0.019936717199991988,0.021230073356179886
0.0,0.0,0.001020618741252965,0.002516417618609318,0.005151580482357537,0.008935623163326573,0.0133227271716036,0.01761160744864968,0.02131419072262159,0.024234610449634077,0.026382078591177353,0.02786492309654849
0.0,0.0,0.0015059523354125023,0.0037300550191845493,0.007518979265020742,0.012746411464319764,0.018571209906982425,0.024061355795049973,0.02864828587414644,0.03216015726300625,0.034669573793694626,0.036349519170017774
0.0,0.0,0.002181150305110079,0.005433508279132957,0.01080061297417874,0.017922457492645517,0.0255569482700635,0.03250115604806448,0.03812012318950379,0.042297424074237776,0.04519682142260054,0.047074974831909
0.0,0.0,0.0031003675668090304,0.007774356684762656,0.015257585055965464,0.02481887740158874,0.034690415451115994,0.04336448095373374,0.05016750097512743,0.055080046085106873,0.058390197691104755,0.06045965154041664
0.0,0.0,0.004324174908080287,0.010920618335128566,0.021181672281018974,0.0338213323388992,0.04640580829563192,0.05710083482748617,0.06523840571555423,0.07094810459210354,0.07468031260682335,0.07692487555735111
0.0,0.0,0.005916270662671693,0.015052291769451862,0.02887844614059496,0.04532035132094285,0.06112925494742095,0.07414087280061778,0.08375501451564797,0.09031200166020353,0.09446618445128976,0.0968595798083641
0.0,0.0,0.007938234680034103,0.020347055450661525,0.0386405470539035,0.05967358567577434,0.07923445186604099,0.09484921216139885,0.10606580159837567,0.11350480001068684,0.11806816895023681,0.1205739395884158
0.0,0.0,0.010442238313832407,0.026959719160034017,0.05071102891351933,0.07715675222029539,0.1009872118678724,0.11946681129399724,0.13238778150298391,0.14072510186070786,0.145671710805484,0.1482440465450215
0.0,0.0,0.013461976942224809,0.034996115168143965,0.06523865663766086,0.09790652043444842,0.1264830595342063,0.1480474296188984,0.16274350176541985,0.17197506403175414,0.17726645944789649,0.179852095271051
0.0,0.0,0.01700255688322136,0.04448357599493345,0.08222944016302272,0.1218614082451288,0.1555848423938038,0.1803954236156938,0.19690005141318487,0.2070007325630953,0.21258782326341846,0.2151290430213571
0.0,0.0,0.021030579207583156,0.0553417345919047,0.10150106082042994,0.1487092693950475,0.18786969847679028,0.21601434905478925,0.23431946237538395,0.24524392505220488,0.25107003504802056,0.2535086636154966
0.0,0.0,0.025466104228748728,0.06735871627923068,0.12264854463393293,0.17785143883080878,0.22259589375664418,0.25407681467399157,0.2741307571444936,0.28581571707622516,0.2918206029082604,0.29410269976439773
0.0,0.0,0.030178406663149363,0.08017840605412051,0.14502988900995684,0.2083933632223026,0.2586993790981334,0.2934251708879427,0.315132964734899,0.32750064200790285,0.33362507783969103,0.3357058859650631
0.0,0.0,0.03498730225285116,0.09330396224781887,0.16777887463140406,0.23916919008250737,0.29482711067707956,0.3326096585206752,0.35583544718870375,0.36879775919798985,0.37498815494987836,0.37683674406072953
0.0,0.0,0.03967125697458456,0.10612091576344365,0.18984891693813152,0.26880342049102907,0.3294094286232965,0.369965820483286,0.39453709226064354,0.4080000249320241,0.41421247778292686,0.41581547997428026
0.0,0.0,0.04398249765822624,0.1179401902093836,0.21008696940196606,0.29580699713588526,0.36076782586135686,0.40372703817127126,0.42944007259644,0.443307640850392,0.4495108497668805,0.450874736676485
0.0,0.0,0.0476680731027002,0.12805771488547207,0.22733108294320675,0.3186991813081654,0.38724837871666795,0.4321620986277899,0.45878803250867545,0.4729653212239218,0.4791419209976685,0.48029341545511306
0.0,0.0,0.05049452503296807,0.13582375964369045,0.240520397335853,0.336141509421138,0.4073661747657879,0.4537229165387727,0.48101390088785223,0.49540885167814586,0.5015549307165844,0.5025393647985703
0.0,0.0,0.05227283033790118,0.1407125444578624,0.24880317836523919,0.3470670873658396,0.41994327574167717,0.46718489604562585,0.49487998384573206,0.5094038287964169,0.5155266506381113,0.5164043433091403
0.0,0.0,0.05287985022816481,0.14238174466925194,0.25162776422894556,0.3507881299466888,0.4242226640290492,0.47176244892023483,0.4995930699953117,0.5141595666425136,0.5202737765425831,0.5211147665985243
0.0,0.0,0.05227283033790115,0.1407125444578623,0.24880317836523883,0.34706708736583874,0.41994327574167634,0.4671848960456248,0.49487998384573084,0.5094038287964152,0.5155266506381097,0.5164043433091383
0.0,0.0,0.050494525032967995,0.13582375964369048,0.24052039733585254,0.3361415094211366,0.40736617476578574,0.45372291653877034,0.4810139008878499,0.49540885167814347,0.5015549307165821,0.502539364798568
0.0,0.0,0.04766807310270012,0.12805771488547166,0.22733108294320564,0.31869918130816327,0.3872483787166654,0.43216209862778726,0.45878803250867267,0.47296532122391916,0.47914192099766584,0.4802934154551104
0.0,0.0,0.043982497658226205,0.1179401902093832,0.2100869694019649,0.2958069971358832,0.3607678258613542,0.4037270381712683,0.42944007259643696,0.4433076408503887,0.44951084976687716,0.45087473667648165
0.0,0.0,0.03967125697458457,0.10612091576344362,0.18984891693813072,0.2688034204910275,0.3294094286232945,0.36996582048328397,0.3945370922606412,0.4080000249320216,0.41421247778292414,0.4158154799742773
0.0,0.0,0.034987302252851155,0.09330396224781885,0.16777887463140348,0.23916919008250612,0.29482711067707806,0.33260965852067337,0.35583544718870186,0.36879775919798763,0.37498815494987603,0.37683674406072704
0.0,0.0,0.030178406663149377,0.08017840605412052,0.14502988900995664,0.20839336322230195,0.2586993790981326,0.2934251708879418,0.31513296473489805,0.32750064200790174,0.3336250778396897,0.3357058859650617
0.0,0.0,0.025466104228748693,0.06735871627923065,0.12264854463393289,0.17785143883080856,0.22259589375664385,0.25407681467399096,0.2741307571444928,0.2858157170762244,0.2918206029082596,0.29410269976439696
0.0,0.0,0.021030579207583115,0.055341734591904695,0.10150106082043003,0.14870926939504764,0.18786969847679028,0.21601434905478908,0.2343194623753836,0.24524392505220433,0.25107003504801967,0.2535086636154958
0.0,0.0,0.01700255688322134,0.044483575994933425,0.08222944016302303,0.1218614082451291,0.15558484239380385,0.1803954236156937,0.19690005141318456,0.20700073256309476,0.21258782326341755,0.215129043021356
0.0,0.0,0.013461976942224787,0.034996115168143965,0.06523865663766101,0.09790652043444846,0.1264830595342062,0.1480474296188981,0.16274350176541943,0.17197506403175356,0.17726645944789562,0.17985209527104992
0.0,0.0,0.010442238313832397,0.02695971916003403,0.050711028913519404,0.0771567522202952,0.10098721186787196,0.11946681129399654,0.13238778150298305,0.14072510186070675,0.14567171080548272,0.14824404654502008
0.0,0.0,0.007938234680034087,0.02034705545066151,0.03864054705390357,0.059673585675774216,0.07923445186604065,0.09484921216139837,0.1060658015983751,0.1135048000106861,0.11806816895023589,0.12057393958841454
0.0,0.0,0.005916270662671688,0.015052291769451876,0.028878446140595062,0.04532035132094278,0.06112925494742076,0.07414087280061746,0.0837550145156476,0.090312001660203,0.09446618445128907,0.0968595798083633
0.0,0.0,0.004324174908080286,0.010920618335128546,0.021181672281019002,0.03382133233889913,0.0464058082956317,0.05710083482748587,0.0652384057155539,0.07094810459210316,0.07468031260682285,0.07692487555735054
0.0,0.0,0.003100367566809023,0.00777435668476264,0.015257585055965476,0.02481887740158867,0.03469041545111582,0.0433644809537335,0.05016750097512714,0.05508004608510652,0.058390197691104324,0.06045965154041613
0.0,0.0,0.0021811503051100767,0.005433508279132948,0.010800612974178735,0.017922457492645455,0.025556948270063364,0.03250115604806429,0.03812012318950359,0.04229742407423753,0.04519682142260024,0.04707497483190868
0.0,0.0,0.0015059523354124995,0.0037300550191845445,0.007518979265020738,0.012746411464319717,0.018571209906982328,0.024061355795049845,0.028648285874146272,0.03216015726300604,0.03466957379369438,0.03634951917001749
0.0,0.0,0.0010206187412529631,0.002516417618609317,0.0051515804823575395,0.00893562316332654,0.013322727171603523,0.017611607448649584,0.021314190722621477,0.024234610449633945,0.026382078591177194,0.02786492309654829
0.0,0.0,0.0006790461707659704,0.0016691291228686119,0.003476406034919509,0.006180203261970671,0.009444553838662736,0.012757276622238885,0.01571438347492735,0.018118160401553705,0.019936717199991832,0.021230073356179706
0.0,0.0,0.00044356786132381855,0.0010890322609015772,0.0023125229077956997,0.004221306822648122,0.006622973239623171,0.009154928382063648,0.011493525807693965,0.013453563961764918,0.014979157524305522,0.016095584826126115
0.0,0.0,0.0002844949746206403,0.0006992680166909613,0.001517746652644702,0.0028505888719707324,0.004599576706930605,0.006516563187657814,0.008349965012210305,0.009935215190172245,0.011204911010181295,0.012160452957613864
0.0,0.0,0.00017916901133377235,0.00044211108716125,0.000983865209488744,0.0019056732302784114,0.003168224978777557,0.0046081776995336695,0.006035456100786527,0.007309565241613462,0.008360129880074412,0.009173042139858732
0.0,0.0,0.00011080116416660286,0.00027543028647308496,0.000630857886053157,0.0012635957695650878,0.0021690763995848277,0.0032448566404021328,0.004351192081312651,0.0053718007809805835,0.0062386882793272844,0.006928409915865015
0.0,0.0,6.729122442364436e-05,0.00016928094211179993,0.00040109701287950345,0.0008336629047292119,0.0014813771758979233,0.002284166859654125,0.0031419022159892055,0.003960503456601279,0.004677230684220463,0.0052636150892420306
0.0,0.0,4.0144743867652514e-05,0.00010291212244219478,0.0002541208813037306,0.0005506658743682865,0.00101619735908908,0.0016191410701457637,0.002289323622823833,0.0029515788859364976,0.003549450154943088,0.004052246472854708
0.0,0.0,2.3549702991611257e-05,6.231076518666863e-05,0.00016226494635766198,0.00036898312744645993,0.0007098511926515172,0.0011717004845654114,0.0017059315079198864,0.0022523393801802,0.002760466387928846,0.0031990251519604627
0.0,0.0,1.3642679737532629e-05,3.8315743606396844e-05,0.00010724888540775329,0.0002578204256132104,0.0005184106245178705,0.0008870276172940652,0.0013294832846304856,0.0017963049405004888,0.0022418625288902483,0.0026350290918112675
0.0,0.0,8.032798643108508e-06,2.5340071158027192e-05,7.775557631538309e-05,0.00019770372094208495,0.00041353847469024753,0.0007292006997064827,0.0011187313600697839,0.0015390913236082214,0.0019477491892895935,0.002313902898503651
0.0,0.0,5.83151839418939e-06,2.085043716533257e-05,6.809209608114625e-05,0.00017832588149498178,0.000379800840677509,0.0006783085878847507,0.0010505604132889674,0.001455656937646038,0.0018521310076965553,0.0022093260871341304
